artist,title,album,prompt,include_top_ten_tracks,include_top_ten_artists,include_saved_albums,include_saved_tracks,include_country
Luciano Pavarotti,Nessun dorma! - Vincerò,Le canzoni degli Azzurri,opera,True,True,True,True,
Giuseppe Verdi,"Rigoletto, Act III: La donna è mobile",Verdi,opera,True,True,True,True,
Maria Callas,O mio babbino caro,Maria (Original Motion Picture Soundtrack),opera,True,True,True,True,
Carmen Carrat,Carmen Habanera,Carmen Habanera,opera,True,True,True,True,
Wolfgang Amadeus Mozart,"Mozart: Die Zauberflöte, K. 620, Act 2: Queen of the Night Aria. ""Der Hölle Rache kocht in meinem Herzen"" (Königin)","Mozart, Righini, Salieri: Arie di bravura",opera,True,True,True,True,
Luciano Pavarotti,Nessun dorma! - Vincerò,Le canzoni degli Azzurri,opera,True,True,True,True,
Giuseppe Verdi,"Rigoletto, Act III: La donna è mobile",Verdi,opera,True,True,True,True,
Gioachino Rossini,Largo al factotum from The Barber of Seville - Vocal,Greatest Hits: Opera,opera,True,True,True,True,
Wolfgang Amadeus Mozart,"Mozart: Die Zauberflöte, K. 620, Act 2: Queen of the Night Aria. ""Der Hölle Rache kocht in meinem Herzen"" (Königin)","Mozart, Righini, Salieri: Arie di bravura",opera,True,True,True,True,
Maria Callas,O mio babbino caro,Maria (Original Motion Picture Soundtrack),opera,True,True,True,True,
Giacomo Puccini,Nessun Dorma,Nessun Dorma,opera,True,True,True,False,
Gioachino Rossini,Largo Al Factotum Della Città,Il Barbiere Di Siviglia,opera,True,True,True,False,
Giuseppe Verdi,"Rigoletto, Act III: La donna è mobile",Verdi,opera,True,True,True,False,
Georges Bizet,"Habanera (From “Carmen”, WD. 31)",Katherine Jenkins / Premiere,opera,True,True,True,False,
Wolfgang Amadeus Mozart,"Mozart: Die Zauberflöte, K. 620, Act 2: Queen of the Night Aria. ""Der Hölle Rache kocht in meinem Herzen"" (Königin)","Mozart, Righini, Salieri: Arie di bravura",opera,True,True,True,False,
Luciano Pavarotti,Nessun dorma! - Vincerò,Le canzoni degli Azzurri,opera,True,True,True,False,
Giuseppe Verdi,"Rigoletto, Act III: La donna è mobile",Verdi,opera,True,True,True,False,
Gioachino Rossini,Largo Al Factotum Della Città,Il Barbiere Di Siviglia,opera,True,True,True,False,
Giacomo Puccini,"Puccini: Madama Butterfly, Act 2: ""Un bel dì vedremo"" (Butterfly)",Puccini: Madama Butterfly (1955 - Karajan) - Callas Remastered,opera,True,True,True,False,
Georges Bizet,"Habanera (From “Carmen”, WD. 31)",Katherine Jenkins / Premiere,opera,True,True,True,False,
Luciano Pavarotti,Nessun dorma! - Vincerò,Le canzoni degli Azzurri,opera,True,True,False,True,
Giuseppe Verdi,"Rigoletto, Act III: La donna è mobile",Verdi,opera,True,True,False,True,
Maria Callas,Casta diva,Maria (Original Motion Picture Soundtrack),opera,True,True,False,True,
Giacomo Puccini,"Gianni Schicchi: ""Oh! mio babbino caro""",Puccini: Il Trittico,opera,True,True,False,True,
Georges Bizet,"Habanera (From “Carmen”, WD. 31)",Katherine Jenkins / Premiere,opera,True,True,False,True,
Giuseppe Verdi,"La traviata, Act I: Libiamo ne' lieti calici ""Brindisi""",Verdi: La Traviata,opera,True,True,False,True,
Georges Bizet,Carmen: Habanera,Música de España. Spanish Classical Music Vol.2,opera,True,True,False,True,
Wolfgang Amadeus Mozart,"The Magic Flute, K. 620, Act II: Act II: Aria: Der Holle Rache kocht in meinem Herzen (Queen of the Night)",Mozart: The Magic Flute (Highlights) – Queen of the Night Arias,opera,True,True,False,True,
Giacomo Puccini,Nessun Dorma,Nessun Dorma,opera,True,True,False,True,
Gioachino Rossini,"Il barbiere di Siviglia (the Barber of Seville), Act I: Cavatina. Largo al factotum della citta","Mattei, Peter: Great Baritone Arias",opera,True,True,False,True,
Luciano Pavarotti,Nessun dorma! - Vincerò,Le canzoni degli Azzurri,opera,True,True,False,False,
Giuseppe Verdi,"Rigoletto, Act III: La donna è mobile",Verdi,opera,True,True,False,False,
Maria Callas,Casta diva,Maria (Original Motion Picture Soundtrack),opera,True,True,False,False,
Giacomo Puccini,Gianni Schicchi: O mio babbino caro,Renée Fleming,opera,True,True,False,False,
Wolfgang Amadeus Mozart,"Mozart: Die Zauberflöte, K. 620, Act 2: Queen of the Night Aria. ""Der Hölle Rache kocht in meinem Herzen"" (Königin)","Mozart, Righini, Salieri: Arie di bravura",opera,True,True,False,False,
Giacomo Puccini,Nessun Dorma,Nessun Dorma,opera,True,True,False,False,
Giuseppe Verdi,"Rigoletto, Act III: La donna è mobile",Verdi,opera,True,True,False,False,
Vincenzo Bellini,"Bellini: Norma, Act 1: ""Casta diva"" (Norma, Coro)",Maria Callas Sings Bellini,opera,True,True,False,False,
Gioachino Rossini,Largo Al Factotum Della Città,Il Barbiere Di Siviglia,opera,True,True,False,False,
Giacomo Puccini,"Puccini: La bohème, Act 2: ""Quando me'n vo soletta"" (Musetta/Marcellop/Alcindoro/Mimì/Rodolfo/Schaunard/Colline)",La Bohème - Puccini,opera,True,True,False,False,
Giacomo Puccini,Nessun Dorma,Nessun Dorma,opera,True,False,True,True,
Giuseppe Verdi,"Rigoletto, Act III: La donna è mobile",Verdi,opera,True,False,True,True,
Gioachino Rossini,Largo Al Factotum Della Città,Il Barbiere Di Siviglia,opera,True,False,True,True,
Giacomo Puccini,Gianni Schicchi: O mio babbino caro,"Callas, Maria: Liebeslieder",opera,True,False,True,True,
Georges Bizet,"Habanera (From “Carmen”, WD. 31)",Katherine Jenkins / Premiere,opera,True,False,True,True,
Giacomo Puccini,Nessun Dorma,Nessun Dorma,opera,True,False,True,True,
Giuseppe Verdi,"Rigoletto, Act III: La donna è mobile",Verdi,opera,True,False,True,True,
Georges Bizet,"Habanera (From “Carmen”, WD. 31)",Katherine Jenkins / Premiere,opera,True,False,True,True,
Gioachino Rossini,Largo Al Factotum Della Città,Il Barbiere Di Siviglia,opera,True,False,True,True,
Giacomo Puccini,"Puccini: Madama Butterfly, Act 2: ""Un bel dì vedremo"" (Butterfly)",Puccini: Madama Butterfly (1955 - Karajan) - Callas Remastered,opera,True,False,True,True,
Giacomo Puccini,Nessun Dorma,Nessun Dorma,opera,True,False,True,False,
Giuseppe Verdi,"Rigoletto, Act III: La donna è mobile",Verdi,opera,True,False,True,False,
Georges Bizet,"Habanera (From “Carmen”, WD. 31)",Katherine Jenkins / Premiere,opera,True,False,True,False,
Wolfgang Amadeus Mozart,"Mozart: Die Zauberflöte, K. 620, Act 2: Queen of the Night Aria. ""Der Hölle Rache kocht in meinem Herzen"" (Königin)","Mozart, Righini, Salieri: Arie di bravura",opera,True,False,True,False,
Giacomo Puccini,Gianni Schicchi: O mio babbino caro,"Callas, Maria: Liebeslieder",opera,True,False,True,False,
Giacomo Puccini,Nessun Dorma,Nessun Dorma,opera,True,False,True,False,
Giuseppe Verdi,"Rigoletto, Act III: La donna è mobile",Verdi,opera,True,False,True,False,
Georges Bizet,"Habanera (From “Carmen”, WD. 31)",Katherine Jenkins / Premiere,opera,True,False,True,False,
Giacomo Puccini,Gianni Schicchi: O mio babbino caro,"Callas, Maria: Liebeslieder",opera,True,False,True,False,
Gioachino Rossini,Largo Al Factotum Della Città,Il Barbiere Di Siviglia,opera,True,False,True,False,
Luciano Pavarotti,Nessun dorma! - Vincerò,Le canzoni degli Azzurri,opera,True,False,False,True,
Giuseppe Verdi,"Rigoletto, Act III: La donna è mobile",Verdi,opera,True,False,False,True,
Maria Callas,O mio babbino caro,Maria (Original Motion Picture Soundtrack),opera,True,False,False,True,
Maria Callas,Casta diva,Maria (Original Motion Picture Soundtrack),opera,True,False,False,True,
Renata Tebaldi,Vissi d'arte (Tosca),O Cieli Azzurri,opera,True,False,False,True,
Giacomo Puccini,Nessun Dorma,Nessun Dorma,opera,True,False,False,True,
Gioachino Rossini,Largo Al Factotum Della Città,Il Barbiere Di Siviglia,opera,True,False,False,True,
Giuseppe Verdi,"Rigoletto, Act III: La donna è mobile",Verdi,opera,True,False,False,True,
Georges Bizet,"Habanera (From “Carmen”, WD. 31)",Katherine Jenkins / Premiere,opera,True,False,False,True,
Giacomo Puccini,Gianni Schicchi: O mio babbino caro,"Callas, Maria: Liebeslieder",opera,True,False,False,True,
Luciano Pavarotti,Nessun dorma! - Vincerò,Le canzoni degli Azzurri,opera,True,False,False,False,
Giuseppe Verdi,"Rigoletto, Act III: La donna è mobile",Verdi,opera,True,False,False,False,
Maria Callas,O mio babbino caro,Maria (Original Motion Picture Soundtrack),opera,True,False,False,False,
Vincenzo Bellini,Norma / Act 1: Casta Diva,Bellini: Norma,opera,True,False,False,False,
Enrico Caruso,Recitar vesti la giubba,Enrico Caruso,opera,True,False,False,False,
Giacomo Puccini,Nessun Dorma,Nessun Dorma,opera,True,False,False,False,
Giuseppe Verdi,"Rigoletto, Act III: La donna è mobile",Verdi,opera,True,False,False,False,
Giacomo Puccini,Gianni Schicchi: O mio babbino caro,"Callas, Maria: Liebeslieder",opera,True,False,False,False,
Gioachino Rossini,Largo Al Factotum Della Città,Il Barbiere Di Siviglia,opera,True,False,False,False,
Georges Bizet,"Habanera (From “Carmen”, WD. 31)",Katherine Jenkins / Premiere,opera,True,False,False,False,
Giacomo Puccini,Nessun Dorma,Nessun Dorma,opera,False,True,True,True,
Gioachino Rossini,Largo Al Factotum Della Città,Il Barbiere Di Siviglia,opera,False,True,True,True,
Georges Bizet,"Habanera (From “Carmen”, WD. 31)",Katherine Jenkins / Premiere,opera,False,True,True,True,
Giuseppe Verdi,"Rigoletto, Act III: La donna è mobile",Verdi,opera,False,True,True,True,
Wolfgang Amadeus Mozart,"Mozart: Die Zauberflöte, K. 620, Act 2: Queen of the Night Aria. ""Der Hölle Rache kocht in meinem Herzen"" (Königin)","Mozart, Righini, Salieri: Arie di bravura",opera,False,True,True,True,
Giacomo Puccini,Nessun Dorma,Nessun Dorma,opera,False,True,True,True,
Giuseppe Verdi,"Rigoletto, Act III: La donna è mobile",Verdi,opera,False,True,True,True,
Vincenzo Bellini,"Bellini: Norma, Act 1: ""Casta diva"" (Norma, Coro)",Maria Callas Sings Bellini,opera,False,True,True,True,
Gioachino Rossini,Largo Al Factotum Della Città,Il Barbiere Di Siviglia,opera,False,True,True,True,
Giacomo Puccini,Gianni Schicchi: O mio babbino caro,"Callas, Maria: Liebeslieder",opera,False,True,True,True,
Giacomo Puccini,Nessun Dorma,Nessun Dorma,opera,False,True,True,False,
Giuseppe Verdi,"Rigoletto, Act III: La donna è mobile",Verdi,opera,False,True,True,False,
Gioachino Rossini,Largo Al Factotum Della Città,Il Barbiere Di Siviglia,opera,False,True,True,False,
Georges Bizet,"Habanera (From “Carmen”, WD. 31)",Katherine Jenkins / Premiere,opera,False,True,True,False,
Giacomo Puccini,Gianni Schicchi: O mio babbino caro,"Callas, Maria: Liebeslieder",opera,False,True,True,False,
Giacomo Puccini,Nessun Dorma,Nessun Dorma,opera,False,True,True,False,
Giuseppe Verdi,"Rigoletto, Act III: La donna è mobile",Verdi,opera,False,True,True,False,
Georges Bizet,"Habanera (From “Carmen”, WD. 31)",Katherine Jenkins / Premiere,opera,False,True,True,False,
Giacomo Puccini,Gianni Schicchi: O mio babbino caro,"Callas, Maria: Liebeslieder",opera,False,True,True,False,
Giuseppe Verdi,"La traviata, Act I: Libiamo ne' lieti calici ""Brindisi""",Verdi: La Traviata,opera,False,True,True,False,
Luciano Pavarotti,Nessun dorma! - Vincerò,Le canzoni degli Azzurri,opera,False,True,False,True,
Giuseppe Verdi,"Rigoletto, Act III: La donna è mobile",Verdi,opera,False,True,False,True,
Gioachino Rossini,"Il barbiere di Siviglia, Act I: Cavatina. Largo al factotum della città",Bruno Praticò in concerto,opera,False,True,False,True,
Renata Tebaldi,Vissi d'arte (Tosca),O Cieli Azzurri,opera,False,True,False,True,
Georges Bizet,"Bizet: Carmen, Act 1: Habanera. ""L'amour est un oiseau rebelle"" (Carmen)",Callas sings Great Arias from French Operas - Callas Remastered,opera,False,True,False,True,
Giacomo Puccini,Nessun Dorma,Nessun Dorma,opera,False,True,False,True,
Giacomo Puccini,Gianni Schicchi: O mio babbino caro,"Callas, Maria: Liebeslieder",opera,False,True,False,True,
Giuseppe Verdi,"Rigoletto, Act III: La donna è mobile",Verdi,opera,False,True,False,True,
Georges Bizet,"Habanera (From “Carmen”, WD. 31)",Katherine Jenkins / Premiere,opera,False,True,False,True,
Gioachino Rossini,Largo Al Factotum Della Città,Il Barbiere Di Siviglia,opera,False,True,False,True,
Giacomo Puccini,Nessun Dorma,Nessun Dorma,opera,False,True,False,False,
Giuseppe Verdi,"Rigoletto, Act III: La donna è mobile",Verdi,opera,False,True,False,False,
Georges Bizet,"Habanera (From “Carmen”, WD. 31)",Katherine Jenkins / Premiere,opera,False,True,False,False,
Wolfgang Amadeus Mozart,"Mozart: Die Zauberflöte, K. 620, Act 2: Queen of the Night Aria. ""Der Hölle Rache kocht in meinem Herzen"" (Königin)","Mozart, Righini, Salieri: Arie di bravura",opera,False,True,False,False,
Giacomo Puccini,Gianni Schicchi: O mio babbino caro,"Callas, Maria: Liebeslieder",opera,False,True,False,False,
Giacomo Puccini,Nessun Dorma,Nessun Dorma,opera,False,True,False,False,
Georges Bizet,"Habanera (From “Carmen”, WD. 31)",Katherine Jenkins / Premiere,opera,False,True,False,False,
Gioachino Rossini,Largo Al Factotum Della Città,Il Barbiere Di Siviglia,opera,False,True,False,False,
Giacomo Puccini,Gianni Schicchi: O mio babbino caro,"Callas, Maria: Liebeslieder",opera,False,True,False,False,
Giuseppe Verdi,"Rigoletto, Act III: La donna è mobile",Verdi,opera,False,True,False,False,
Luciano Pavarotti,Nessun dorma! - Vincerò,Le canzoni degli Azzurri,opera,False,False,True,True,
Giuseppe Verdi,"Rigoletto, Act III: La donna è mobile",Verdi,opera,False,False,True,True,
Wolfgang Amadeus Mozart,"Mozart: Die Zauberflöte, K. 620, Act 2: Queen of the Night Aria. ""Der Hölle Rache kocht in meinem Herzen"" (Königin)","Mozart, Righini, Salieri: Arie di bravura",opera,False,False,True,True,
Georges Bizet,"Bizet: Carmen, Act 1: Habanera. ""L'amour est un oiseau rebelle"" (Carmen)",Callas sings Great Arias from French Operas - Callas Remastered,opera,False,False,True,True,
Giacomo Puccini,Gianni Schicchi: O mio babbino caro,Renée Fleming,opera,False,False,True,True,
Giacomo Puccini,Nessun Dorma,Nessun Dorma,opera,False,False,True,True,
Giuseppe Verdi,"Rigoletto, Act III: La donna è mobile",Verdi,opera,False,False,True,True,
Georges Bizet,"Habanera (From “Carmen”, WD. 31)",Katherine Jenkins / Premiere,opera,False,False,True,True,
Giacomo Puccini,Gianni Schicchi: O mio babbino caro,"Callas, Maria: Liebeslieder",opera,False,False,True,True,
Gioachino Rossini,Largo Al Factotum Della Città,Il Barbiere Di Siviglia,opera,False,False,True,True,
Luciano Pavarotti,Nessun dorma! - Vincerò,Le canzoni degli Azzurri,opera,False,False,True,False,
Giuseppe Verdi,"Rigoletto, Act III: La donna è mobile",Verdi,opera,False,False,True,False,
Maria Callas,Casta diva,Maria (Original Motion Picture Soundtrack),opera,False,False,True,False,
Wolfgang Amadeus Mozart,"Mozart: Die Zauberflöte, K. 620, Act 2: Queen of the Night Aria. ""Der Hölle Rache kocht in meinem Herzen"" (Königin)","Mozart, Righini, Salieri: Arie di bravura",opera,False,False,True,False,
Giacomo Puccini,Gianni Schicchi: O mio babbino caro,Renée Fleming,opera,False,False,True,False,
Luciano Pavarotti,Nessun dorma! - Vincerò,Le canzoni degli Azzurri,opera,False,False,True,False,
Maria Callas,Casta diva,Maria (Original Motion Picture Soundtrack),opera,False,False,True,False,
Giuseppe Verdi,"Rigoletto, Act III: La donna è mobile",Verdi,opera,False,False,True,False,
Giacomo Puccini,Gianni Schicchi: O mio babbino caro,Renée Fleming,opera,False,False,True,False,
Wolfgang Amadeus Mozart,"Mozart: Die Zauberflöte, K. 620, Act 2: Queen of the Night Aria. ""Der Hölle Rache kocht in meinem Herzen"" (Königin)","Mozart, Righini, Salieri: Arie di bravura",opera,False,False,True,False,
Luciano Pavarotti,Nessun dorma! - Vincerò,Le canzoni degli Azzurri,opera,False,False,False,True,
Giuseppe Verdi,"Rigoletto, Act III: La donna è mobile",Verdi,opera,False,False,False,True,
Enrico Caruso,Recitar vesti la giubba,Enrico Caruso,opera,False,False,False,True,
Georges Bizet,"Bizet: Carmen, Act 1: Habanera. ""L'amour est un oiseau rebelle"" (Carmen)",Callas sings Great Arias from French Operas - Callas Remastered,opera,False,False,False,True,
Wolfgang Amadeus Mozart,"Mozart: Die Zauberflöte, K. 620, Act 2: Queen of the Night Aria. ""Der Hölle Rache kocht in meinem Herzen"" (Königin)","Mozart, Righini, Salieri: Arie di bravura",opera,False,False,False,True,
Giacomo Puccini,Nessun Dorma,Nessun Dorma,opera,False,False,False,True,
Giuseppe Verdi,"Rigoletto, Act III: La donna è mobile",Verdi,opera,False,False,False,True,
Gioachino Rossini,Largo Al Factotum Della Città,Il Barbiere Di Siviglia,opera,False,False,False,True,
Giacomo Puccini,Gianni Schicchi: O mio babbino caro,"Callas, Maria: Liebeslieder",opera,False,False,False,True,
Georges Bizet,"Habanera (From “Carmen”, WD. 31)",Katherine Jenkins / Premiere,opera,False,False,False,True,
Luciano Pavarotti,Nessun dorma! - Vincerò,Le canzoni degli Azzurri,opera,False,False,False,False,
Maria Callas,Casta diva,Maria (Original Motion Picture Soundtrack),opera,False,False,False,False,
Giuseppe Verdi,"Rigoletto, Act III: La donna è mobile",Verdi,opera,False,False,False,False,
Giacomo Puccini,Gianni Schicchi: O mio babbino caro,Renée Fleming,opera,False,False,False,False,
Enrico Caruso,"L'elisir D'amore (The Elixir of Love) , Act II una Furtiva Lagrima",L'incredibile Enrico Caruso,opera,False,False,False,False,
Luciano Pavarotti,Nessun dorma! - Vincerò,Le canzoni degli Azzurri,opera,False,False,False,False,
Gioachino Rossini,Largo al factotum from The Barber of Seville - Vocal,Greatest Hits: Opera,opera,False,False,False,False,
Giuseppe Verdi,"Rigoletto, Act III: La donna è mobile",Verdi,opera,False,False,False,False,
Giacomo Puccini,Gianni Schicchi: O mio babbino caro,Renée Fleming,opera,False,False,False,False,
Maria Callas,Vissi d'arte,Maria (Original Motion Picture Soundtrack),opera,False,False,False,False,
