artist,title,album,prompt,include_top_ten_tracks,include_top_ten_artists,include_saved_albums,include_saved_tracks,include_country
Jason Isbell,Cover Me Up,Southeastern,country,True,True,True,True,
Chris Stapleton,Tennessee Whiskey,Traveller,country,True,True,True,True,
Keith Urban,Blue Ain't Your Color,Ripcord,country,True,True,True,True,
Thomas Rhett,Die A Happy Man,Tangled Up,country,True,True,True,True,
Kacey Musgraves,Butterflies,Golden Hour,country,True,True,True,True,
Chris Stapleton,Tennessee Whiskey,Traveller,country,True,True,True,True,
Thomas Rhett,Die A Happy Man,Tangled Up,country,True,True,True,True,
Keith Urban,Blue Ain't Your Color,Ripcord,country,True,True,True,True,
Sam Hunt,Body Like A Back Road,Body Like A Back Road,country,True,True,True,True,
Maren Morris,My Church,HERO (Deluxe Edition),country,True,True,True,True,
Chris Stapleton,Starting Over,Starting Over,country,True,True,True,False,
Miranda Lambert,Bluebird,Wildcard,country,True,True,True,False,
Ingrid Andress,More Hearts Than Mine,Lady Like,country,True,True,True,False,
Tyler Childers,All Your'n,Country Squire,country,True,True,True,False,
Luke Combs,Beer Never Broke My Heart,What You See Is What You Get,country,True,True,True,False,
Chris Stapleton,Starting Over,Starting Over,country,True,True,True,False,
Morgan Wallen,Sand In My Boots,Dangerous: The Double Album,country,True,True,True,False,
Dan + Shay,Tequila,Dan + Shay,country,True,True,True,False,
Kacey Musgraves,Rainbow,Golden Hour,country,True,True,True,False,
Chris Stapleton,Tennessee Whiskey,Traveller,country,True,True,True,False,
Chris Stapleton,Tennessee Whiskey,Traveller,country,True,True,False,True,
Thomas Rhett,Die A Happy Man,Tangled Up,country,True,True,False,True,
John Denver,"Take Me Home, Country Roads - Original Version","Poems, Prayers and Promises",country,True,True,False,True,
Dolly Parton,Jolene,20 Great Songs,country,True,True,False,True,
Carrie Underwood,Before He Cheats,Some Hearts,country,True,True,False,True,
Chris Stapleton,Tennessee Whiskey,Traveller,country,True,True,False,True,
Keith Urban,Blue Ain't Your Color,Ripcord,country,True,True,False,True,
Thomas Rhett,Die A Happy Man,Tangled Up,country,True,True,False,True,
Tim McGraw,Humble And Kind,McGraw Machine Hits: 2013-2019,country,True,True,False,True,
Little Big Town,Girl Crush,Pain Killer,country,True,True,False,True,
Chris Stapleton,Tennessee Whiskey,Traveller,country,True,True,False,False,
Thomas Rhett,Die A Happy Man,Tangled Up,country,True,True,False,False,
Sam Hunt,Body Like A Back Road,Body Like A Back Road,country,True,True,False,False,
Keith Urban,Blue Ain't Your Color,Ripcord,country,True,True,False,False,
Luke Combs,Hurricane,This One's for You,country,True,True,False,False,
Maren Morris,The Bones,GIRL,country,True,True,False,False,
Dan + Shay,Speechless,Dan + Shay,country,True,True,False,False,
Morgan Wallen,Whiskey Glasses,If I Know Me,country,True,True,False,False,
Thomas Rhett,Die A Happy Man,Tangled Up,country,True,True,False,False,
Brett Young,In Case You Didn't Know,Brett Young,country,True,True,False,False,
Morgan Wallen,Whiskey Glasses,If I Know Me,country,True,False,True,True,
Thomas Rhett,Die A Happy Man,Tangled Up,country,True,False,True,True,
Keith Urban,Blue Ain't Your Color,Ripcord,country,True,False,True,True,
Chris Stapleton,Tennessee Whiskey,Traveller,country,True,False,True,True,
Sam Hunt,Body Like A Back Road,Body Like A Back Road,country,True,False,True,True,
John Denver,"Take Me Home, Country Roads - Original Version","Poems, Prayers and Promises",country,True,False,True,True,
Dolly Parton,Jolene,20 Great Songs,country,True,False,True,True,
Garth Brooks Tribute,Friends in Low Places,Garth Brooks Hits - A Tribute Album,country,True,False,True,True,
Kenny Rogers,The Gambler,The Gambler,country,True,False,True,True,
Keith Urban,Blue Ain't Your Color,Ripcord,country,True,False,True,True,
Morgan Wallen,Whiskey Glasses,If I Know Me,country,True,False,True,False,
Thomas Rhett,Die A Happy Man,Tangled Up,country,True,False,True,False,
Keith Urban,Blue Ain't Your Color,Ripcord,country,True,False,True,False,
Sam Hunt,Body Like A Back Road,Body Like A Back Road,country,True,False,True,False,
Chris Stapleton,Tennessee Whiskey,Traveller,country,True,False,True,False,
Chris Stapleton,Tennessee Whiskey,Traveller,country,True,False,True,False,
Thomas Rhett,Die A Happy Man,Tangled Up,country,True,False,True,False,
Keith Urban,Blue Ain't Your Color,Ripcord,country,True,False,True,False,
Tim McGraw,Humble And Kind,McGraw Machine Hits: 2013-2019,country,True,False,True,False,
Little Big Town,Girl Crush,Pain Killer,country,True,False,True,False,
Chris Stapleton,Tennessee Whiskey,Traveller,country,True,False,False,True,
Thomas Rhett,Die A Happy Man,Tangled Up,country,True,False,False,True,
Dolly Parton,Jolene,20 Great Songs,country,True,False,False,True,
Carrie Underwood,Before He Cheats,Some Hearts,country,True,False,False,True,
John Denver,"Take Me Home, Country Roads - Original Version","Poems, Prayers and Promises",country,True,False,False,True,
Thomas Rhett,Die A Happy Man,Tangled Up,country,True,False,False,True,
Keith Urban,Blue Ain't Your Color,Ripcord,country,True,False,False,True,
Travis Scott,BUTTERFLY EFFECT,ASTROWORLD,country,True,False,False,True,
Sam Hunt,Body Like A Back Road,Body Like A Back Road,country,True,False,False,True,
Chris Stapleton,Tennessee Whiskey,Traveller,country,True,False,False,True,
Zach Bryan,Something in the Orange,Something in the Orange,country,True,False,False,False,
Morgan Wallen,Whiskey Glasses,If I Know Me,country,True,False,False,False,
Chris Stapleton,Tennessee Whiskey,Traveller,country,True,False,False,False,
Chris Stapleton,Starting Over,Starting Over,country,True,False,False,False,
Morgan Wallen,Sand In My Boots,Dangerous: The Double Album,country,True,False,False,False,
Chris Stapleton,Tennessee Whiskey,Traveller,country,True,False,False,False,
Thomas Rhett,Die A Happy Man,Tangled Up,country,True,False,False,False,
Keith Urban,Blue Ain't Your Color,Ripcord,country,True,False,False,False,
Sam Hunt,Body Like A Back Road,Body Like A Back Road,country,True,False,False,False,
Darius Rucker,Wagon Wheel,True Believers,country,True,False,False,False,
Keith Urban,Blue Ain't Your Color,Ripcord,country,False,True,True,True,
Thomas Rhett,Die A Happy Man,Tangled Up,country,False,True,True,True,
Chris Stapleton,Tennessee Whiskey,Traveller,country,False,True,True,True,
Sam Hunt,Body Like A Back Road,Body Like A Back Road,country,False,True,True,True,
Carrie Underwood,Before He Cheats,Some Hearts,country,False,True,True,True,
Chris Stapleton,Tennessee Whiskey,Traveller,country,False,True,True,True,
Thomas Rhett,Die A Happy Man,Tangled Up,country,False,True,True,True,
Sam Hunt,Body Like A Back Road,Body Like A Back Road,country,False,True,True,True,
Keith Urban,Blue Ain't Your Color,Ripcord,country,False,True,True,True,
Sam Hunt,House Party,Montevallo,country,False,True,True,True,
Maren Morris,The Bones,GIRL,country,False,True,True,False,
Chris Stapleton,Starting Over,Starting Over,country,False,True,True,False,
Chris Stapleton,Tennessee Whiskey,Traveller,country,False,True,True,False,
Thomas Rhett,Die A Happy Man,Tangled Up,country,False,True,True,False,
Sam Hunt,Body Like A Back Road,Body Like A Back Road,country,False,True,True,False,
Chris Stapleton,Tennessee Whiskey,Traveller,country,False,True,True,False,
Maren Morris,The Bones,GIRL,country,False,True,True,False,
Thomas Rhett,Die A Happy Man,Tangled Up,country,False,True,True,False,
Chris Stapleton,Starting Over,Starting Over,country,False,True,True,False,
Keith Urban,Blue Ain't Your Color,Ripcord,country,False,True,True,False,
Chris Stapleton,Tennessee Whiskey,Traveller,country,False,True,False,True,
Sam Hunt,Body Like A Back Road,Body Like A Back Road,country,False,True,False,True,
Thomas Rhett,Die A Happy Man,Tangled Up,country,False,True,False,True,
Keith Urban,Blue Ain't Your Color,Ripcord,country,False,True,False,True,
Maren Morris,My Church,HERO (Deluxe Edition),country,False,True,False,True,
Chris Stapleton,Tennessee Whiskey,Traveller,country,False,True,False,True,
Keith Urban,Blue Ain't Your Color,Ripcord,country,False,True,False,True,
Thomas Rhett,Die A Happy Man,Tangled Up,country,False,True,False,True,
Little Big Town,Girl Crush,Pain Killer,country,False,True,False,True,
Tim McGraw,Humble And Kind,McGraw Machine Hits: 2013-2019,country,False,True,False,True,
Jason Isbell,Cover Me Up,Southeastern,country,False,True,False,False,
Chris Stapleton,Tennessee Whiskey,Traveller,country,False,True,False,False,
Thomas Rhett,Die A Happy Man,Tangled Up,country,False,True,False,False,
Keith Urban,Blue Ain't Your Color,Ripcord,country,False,True,False,False,
Little Big Town,Girl Crush,Pain Killer,country,False,True,False,False,
Chris Stapleton,Tennessee Whiskey,Traveller,country,False,True,False,False,
Thomas Rhett,Die A Happy Man,Tangled Up,country,False,True,False,False,
Kacey Musgraves,Butterflies,Golden Hour,country,False,True,False,False,
Sam Hunt,Body Like A Back Road,Body Like A Back Road,country,False,True,False,False,
Keith Urban,Blue Ain't Your Color,Ripcord,country,False,True,False,False,
Chris Stapleton,Tennessee Whiskey,Traveller,country,False,False,True,True,
Thomas Rhett,Die A Happy Man,Tangled Up,country,False,False,True,True,
Keith Urban,Blue Ain't Your Color,Ripcord,country,False,False,True,True,
Little Big Town,Girl Crush,Pain Killer,country,False,False,True,True,
Brad Paisley,Whiskey Lullaby (feat. Alison Krauss),Hits Alive,country,False,False,True,True,
Morgan Wallen,Whiskey Glasses,If I Know Me,country,False,False,True,True,
Thomas Rhett,Die A Happy Man,Tangled Up,country,False,False,True,True,
Chris Stapleton,Tennessee Whiskey,Traveller,country,False,False,True,True,
Keith Urban,Blue Ain't Your Color,Ripcord,country,False,False,True,True,
Sam Hunt,Body Like A Back Road,Body Like A Back Road,country,False,False,True,True,
Chris Stapleton,Starting Over,Starting Over,country,False,False,True,False,
Maren Morris,The Bones,GIRL,country,False,False,True,False,
Morgan Wallen,Whiskey Glasses,If I Know Me,country,False,False,True,False,
Miranda Lambert,Bluebird,Wildcard,country,False,False,True,False,
Thomas Rhett,Die A Happy Man,Tangled Up,country,False,False,True,False,
Chris Stapleton,Tennessee Whiskey,Traveller,country,False,False,True,False,
Carrie Underwood,Before He Cheats,Some Hearts,country,False,False,True,False,
Thomas Rhett,Die A Happy Man,Tangled Up,country,False,False,True,False,
Miranda Lambert,The House That Built Me,Revolution,country,False,False,True,False,
Keith Urban,Blue Ain't Your Color,Ripcord,country,False,False,True,False,
Chris Stapleton,Tennessee Whiskey,Traveller,country,False,False,False,True,
Thomas Rhett,Die A Happy Man,Tangled Up,country,False,False,False,True,
Dolly Parton,Jolene,20 Great Songs,country,False,False,False,True,
Miranda Lambert,The House That Built Me,Revolution,country,False,False,False,True,
Carrie Underwood,Before He Cheats,Some Hearts,country,False,False,False,True,
Chris Stapleton,Tennessee Whiskey,Traveller,country,False,False,False,True,
Keith Urban,Blue Ain't Your Color,Ripcord,country,False,False,False,True,
Thomas Rhett,Die A Happy Man,Tangled Up,country,False,False,False,True,
Sam Hunt,Body Like A Back Road,Body Like A Back Road,country,False,False,False,True,
Tim McGraw,Humble And Kind,McGraw Machine Hits: 2013-2019,country,False,False,False,True,
Chris Stapleton,Tennessee Whiskey,Traveller,country,False,False,False,False,
Thomas Rhett,Die A Happy Man,Tangled Up,country,False,False,False,False,
Keith Urban,Blue Ain't Your Color,Ripcord,country,False,False,False,False,
Darius Rucker,Wagon Wheel,True Believers,country,False,False,False,False,
Little Big Town,Girl Crush,Pain Killer,country,False,False,False,False,
Chris Stapleton,Starting Over,Starting Over,country,False,False,False,False,
Miranda Lambert,Bluebird,Wildcard,country,False,False,False,False,
Darius Rucker,Wagon Wheel,True Believers,country,False,False,False,False,
Thomas Rhett,Die A Happy Man,Tangled Up,country,False,False,False,False,
Little Big Town,Girl Crush,Pain Killer,country,False,False,False,False,
