artist,title,album,prompt,include_top_ten_tracks,include_top_ten_artists,include_saved_albums,include_saved_tracks,include_country
Chavela Vargas,La Llorona,Mi Mundo Raro,mexican music,True,True,True,True,
Mariachi Vargas De Tecalitlán,Cielito Lindo,Mariachi Total,mexican music,True,True,True,True,
Luis Miguel,La bikina - En vivo,Vivo,mexican music,True,True,True,True,
Juan Gabriel,Amor Eterno,Mariachi Mexicanisimo (Instrumental),mexican music,True,True,True,True,
José Alfredo Jimenez,El Rey,El Cantinero,mexican music,True,True,True,True,
Luis Miguel,La bikina - En vivo,Vivo,mexican music,True,True,True,True,
Pedro Infante,Cielito lindo,57 Aniversario,mexican music,True,True,True,True,
Vicente Fernández,El Rey,Historia De Un Idolo Vol.II,mexican music,True,True,True,True,
Juan Gabriel,Amor Eterno,Mariachi Mexicanisimo (Instrumental),mexican music,True,True,True,True,
Luis Miguel,Besame Mucho,Romances,mexican music,True,True,True,True,
Chavela Vargas,La Llorona,Mi Mundo Raro,mexican music,True,True,True,False,
Pedro Infante,Cielito lindo,57 Aniversario,mexican music,True,True,True,False,
Juan Gabriel,Amor Eterno,Mariachi Mexicanisimo (Instrumental),mexican music,True,True,True,False,
Vicente Fernández,El Rey,Historia De Un Idolo Vol.II,mexican music,True,True,True,False,
Luis Miguel,La bikina - En vivo,Vivo,mexican music,True,True,True,False,
Luis Miguel,La bikina - En vivo,Vivo,mexican music,True,True,True,False,
Chavela Vargas,La Llorona,Mi Mundo Raro,mexican music,True,True,True,False,
Juan Gabriel,Amor Eterno,Mariachi Mexicanisimo (Instrumental),mexican music,True,True,True,False,
Vicente Fernández,El Rey,Historia De Un Idolo Vol.II,mexican music,True,True,True,False,
Luis Miguel,Besame Mucho,Romances,mexican music,True,True,True,False,
Celso Piña,Cumbia Sobre El Río,10 Exitos A Bailar Cumbia,mexican music,True,True,False,True,
Los Tucanes De Tijuana,La Chona,Me Robaste El Corazon,mexican music,True,True,False,True,
Luis Miguel,La Incondicional,Busca Una Mujer,mexican music,True,True,False,True,
Santana,Oye Como Va,Abraxas,mexican music,True,True,False,True,
Juan Gabriel,No Tengo Dinero,El Alma Joven,mexican music,True,True,False,True,
Los Tucanes De Tijuana,La Chona,Me Robaste El Corazon,mexican music,True,True,False,True,
Celso Piña,Cumbia Sobre El Río,10 Exitos A Bailar Cumbia,mexican music,True,True,False,True,
Vicente Fernández,El Rey,Historia De Un Idolo Vol.II,mexican music,True,True,False,True,
Luis Miguel,Besame Mucho,Romances,mexican music,True,True,False,True,
Ritchie Valens,La Bamba - Single Version,Ritchie Valens,mexican music,True,True,False,True,
Chavela Vargas,La Llorona,Mi Mundo Raro,mexican music,True,True,False,False,
Juan Gabriel,Amor Eterno,Mariachi Mexicanisimo (Instrumental),mexican music,True,True,False,False,
José Alfredo Jimenez,El Rey,El Cantinero,mexican music,True,True,False,False,
Santana,Oye Como Va,Abraxas,mexican music,True,True,False,False,
Pedro Infante,Cielito lindo,57 Aniversario,mexican music,True,True,False,False,
Luis Miguel,La bikina - En vivo,Vivo,mexican music,True,True,False,False,
Pedro Infante,Cucurrucucu Paloma,Las 15 Involvidables De Pedro Infante,mexican music,True,True,False,False,
Juan Gabriel,Amor Eterno,Mariachi Mexicanisimo (Instrumental),mexican music,True,True,False,False,
Vicente Fernández,El Rey,Historia De Un Idolo Vol.II,mexican music,True,True,False,False,
Chavela Vargas,La Llorona,Mi Mundo Raro,mexican music,True,True,False,False,
Los Tucanes De Tijuana,La Chona,Me Robaste El Corazon,mexican music,True,False,True,True,
Mariachi Vargas De Tecalitlán,Cielito Lindo,Mariachi Total,mexican music,True,False,True,True,
Ritchie Valens,La Bamba - Single Version,Ritchie Valens,mexican music,True,False,True,True,
Juan Gabriel,Amor Eterno,Mariachi Mexicanisimo (Instrumental),mexican music,True,False,True,True,
Ramon Ayala Y Sus Bravos Del Norte,Tragos Amargos,Cruzando Fronteras,mexican music,True,False,True,True,
Luis Miguel,La Incondicional,Busca Una Mujer,mexican music,True,False,True,True,
Mariachi Vargas De Tecalitlán,Cielito Lindo,Mariachi Total,mexican music,True,False,True,True,
Rocío Dúrcal,Amor Eterno,Canta A Juan Gabriel,mexican music,True,False,True,True,
Vicente Fernández,El Rey,Historia De Un Idolo Vol.II,mexican music,True,False,True,True,
Luis Miguel,Besame Mucho,Romances,mexican music,True,False,True,True,
Luis Miguel,La bikina - En vivo,Vivo,mexican music,True,False,True,False,
Mariachi Vargas De Tecalitlán,Cielito Lindo,Mariachi Total,mexican music,True,False,True,False,
José Alfredo Jimenez,El Rey,El Cantinero,mexican music,True,False,True,False,
Luis Miguel,Besame Mucho,Romances,mexican music,True,False,True,False,
Juan Gabriel,Amor Eterno,Mariachi Mexicanisimo (Instrumental),mexican music,True,False,True,False,
Pedro Infante,Cielito lindo,57 Aniversario,mexican music,True,False,True,False,
Luis Miguel,La bikina - En vivo,Vivo,mexican music,True,False,True,False,
Javier Solís,Bésame Mucho,Javier En New York,mexican music,True,False,True,False,
Vicente Fernández,El Rey,Historia De Un Idolo Vol.II,mexican music,True,False,True,False,
Mariachi Vargas De Tecalitlán,Jarabe Tapatio,Las Numero 1 Del Mariachi Vargas De Tecalitlan,mexican music,True,False,True,False,
Mariachi Vargas De Tecalitlán,Cielito Lindo,Mariachi Total,mexican music,True,False,False,True,
José Alfredo Jimenez,El Rey,El Cantinero,mexican music,True,False,False,True,
Los Tucanes De Tijuana,La Chona,Me Robaste El Corazon,mexican music,True,False,False,True,
Juan Gabriel,Amor Eterno,Mariachi Mexicanisimo (Instrumental),mexican music,True,False,False,True,
Luis Miguel,Besame Mucho,Romances,mexican music,True,False,False,True,
Los Tucanes De Tijuana,La Chona,Me Robaste El Corazon,mexican music,True,False,False,True,
Pedro Infante,Cielito lindo,57 Aniversario,mexican music,True,False,False,True,
Juan Gabriel,Amor Eterno,Mariachi Mexicanisimo (Instrumental),mexican music,True,False,False,True,
José Alfredo Jimenez,El Rey,El Cantinero,mexican music,True,False,False,True,
Los Tigres Del Norte,La Banda Del Carro Rojo,La Banda Del Carro Rojo,mexican music,True,False,False,True,
Mariachi Vargas De Tecalitlán,Cielito Lindo,Mariachi Total,mexican music,True,False,False,False,
Luis Miguel,La bikina - En vivo,Vivo,mexican music,True,False,False,False,
Rocío Dúrcal,Amor Eterno,Canta A Juan Gabriel,mexican music,True,False,False,False,
Vicente Fernández,El Rey,Historia De Un Idolo Vol.II,mexican music,True,False,False,False,
Pedro Infante,Bésame mucho - Ver. inglés,Cien años... pensando en ti (Deluxe),mexican music,True,False,False,False,
Chavela Vargas,La Llorona,Mi Mundo Raro,mexican music,True,False,False,False,
Mariachi Vargas De Tecalitlán,Cielito Lindo,Mariachi Total,mexican music,True,False,False,False,
Vicente Fernández,El Rey,Historia De Un Idolo Vol.II,mexican music,True,False,False,False,
Rocío Dúrcal,Amor Eterno,Canta A Juan Gabriel,mexican music,True,False,False,False,
Consuelo Velázquez,Besame Mucho,Boleros para Enamorarse - Vol 2,mexican music,True,False,False,False,
Flor Silvestre,Cielo Rojo,15 Éxitos,mexican music,False,True,True,True,
Juan Gabriel,Amor Eterno,Mariachi Mexicanisimo (Instrumental),mexican music,False,True,True,True,
Luis Miguel,La bikina - En vivo,Vivo,mexican music,False,True,True,True,
Jorge Negrete,México Lindo y Querido,Jorge Negrete - Éxitos Inolvidables,mexican music,False,True,True,True,
Consuelo Velázquez,Besame Mucho,Boleros para Enamorarse - Vol 2,mexican music,False,True,True,True,
Juan Gabriel,Amor Eterno,Mariachi Mexicanisimo (Instrumental),mexican music,False,True,True,True,
Chavela Vargas,La Llorona,Mi Mundo Raro,mexican music,False,True,True,True,
Mariachi Vargas De Tecalitlán,Cielito Lindo,Mariachi Total,mexican music,False,True,True,True,
José Alfredo Jimenez,El Rey,El Cantinero,mexican music,False,True,True,True,
Luis Miguel,Besame Mucho,Romances,mexican music,False,True,True,True,
Chavela Vargas,La Llorona,Mi Mundo Raro,mexican music,False,True,True,False,
Mariachi Vargas De Tecalitlán,Cielito Lindo,Mariachi Total,mexican music,False,True,True,False,
Luis Miguel,La bikina - En vivo,Vivo,mexican music,False,True,True,False,
Rocío Dúrcal,Amor Eterno,Canta A Juan Gabriel,mexican music,False,True,True,False,
Consuelo Velázquez,Besame Mucho,Boleros para Enamorarse - Vol 2,mexican music,False,True,True,False,
Juan Gabriel,Amor Eterno,Mariachi Mexicanisimo (Instrumental),mexican music,False,True,True,False,
Pedro Infante,Cielito lindo,57 Aniversario,mexican music,False,True,True,False,
Luis Miguel,La bikina - En vivo,Vivo,mexican music,False,True,True,False,
Consuelo Velázquez,Besame Mucho,Boleros para Enamorarse - Vol 2,mexican music,False,True,True,False,
Vicente Fernández,El Rey,Historia De Un Idolo Vol.II,mexican music,False,True,True,False,
Luis Miguel,La bikina - En vivo,Vivo,mexican music,False,True,False,True,
Mariachi Vargas De Tecalitlán,Cielito Lindo,Mariachi Total,mexican music,False,True,False,True,
Juan Gabriel,Amor Eterno,Mariachi Mexicanisimo (Instrumental),mexican music,False,True,False,True,
Vicente Fernández,El Rey,Historia De Un Idolo Vol.II,mexican music,False,True,False,True,
Rocío Dúrcal,Amor Eterno,Canta A Juan Gabriel,mexican music,False,True,False,True,
Chavela Vargas,La Llorona,Mi Mundo Raro,mexican music,False,True,False,True,
Juan Gabriel,Amor Eterno,Mariachi Mexicanisimo (Instrumental),mexican music,False,True,False,True,
José Alfredo Jimenez,El Rey,El Cantinero,mexican music,False,True,False,True,
Pedro Infante,Cielito lindo,57 Aniversario,mexican music,False,True,False,True,
Luis Miguel,Besame Mucho,Romances,mexican music,False,True,False,True,
Chavela Vargas,La Llorona,Mi Mundo Raro,mexican music,False,True,False,False,
Mariachi Vargas De Tecalitlán,Cielito Lindo,Mariachi Total,mexican music,False,True,False,False,
Juan Gabriel,Amor Eterno,Mariachi Mexicanisimo (Instrumental),mexican music,False,True,False,False,
Luis Miguel,Besame Mucho,Romances,mexican music,False,True,False,False,
Ritchie Valens,La Bamba - Single Version,Ritchie Valens,mexican music,False,True,False,False,
Chavela Vargas,La Llorona,Mi Mundo Raro,mexican music,False,True,False,False,
Vicente Fernández,El Rey,Historia De Un Idolo Vol.II,mexican music,False,True,False,False,
Pedro Infante,Cielito lindo,57 Aniversario,mexican music,False,True,False,False,
Juan Gabriel,Amor Eterno,Mariachi Mexicanisimo (Instrumental),mexican music,False,True,False,False,
Luis Miguel,Besame Mucho,Romances,mexican music,False,True,False,False,
Luis Miguel,La Incondicional,Busca Una Mujer,mexican music,False,False,True,True,
Mariachi Vargas De Tecalitlán,Cielito Lindo,Mariachi Total,mexican music,False,False,True,True,
Vicente Fernández,El Rey,Historia De Un Idolo Vol.II,mexican music,False,False,True,True,
Selena,Como La Flor,Dreaming Of You,mexican music,False,False,True,True,
Los Tucanes De Tijuana,La Chona,Me Robaste El Corazon,mexican music,False,False,True,True,
Chavela Vargas,La Llorona,Mi Mundo Raro,mexican music,False,False,True,True,
Vicente Fernández,El Rey,Historia De Un Idolo Vol.II,mexican music,False,False,True,True,
Pedro Infante,Cielito lindo,57 Aniversario,mexican music,False,False,True,True,
Selena,Como La Flor,Dreaming Of You,mexican music,False,False,True,True,
Luis Miguel,La bikina - En vivo,Vivo,mexican music,False,False,True,True,
Los Tucanes De Tijuana,La Chona,Me Robaste El Corazon,mexican music,False,False,True,False,
Rocío Dúrcal,Amor Eterno,Canta A Juan Gabriel,mexican music,False,False,True,False,
Vicente Fernández,"Volver, Volver",Arriba Huentitan,mexican music,False,False,True,False,
Mariachi Vargas De Tecalitlán,Cielito Lindo,Mariachi Total,mexican music,False,False,True,False,
Ramon Ayala Y Sus Bravos Del Norte,Tragos Amargos,Cruzando Fronteras,mexican music,False,False,True,False,
Mariachi Vargas De Tecalitlán,Cielito Lindo,Mariachi Total,mexican music,False,False,True,False,
Vicente Fernández,El Rey,Historia De Un Idolo Vol.II,mexican music,False,False,True,False,
Luis Miguel,La bikina - En vivo,Vivo,mexican music,False,False,True,False,
Juan Gabriel,Amor Eterno,Mariachi Mexicanisimo (Instrumental),mexican music,False,False,True,False,
Consuelo Velázquez,Besame Mucho,Boleros para Enamorarse - Vol 2,mexican music,False,False,True,False,
Mariachi Vargas De Tecalitlán,Cielito Lindo,Mariachi Total,mexican music,False,False,False,True,
Luis Miguel,La bikina - En vivo,Vivo,mexican music,False,False,False,True,
Rocío Dúrcal,Amor Eterno,Canta A Juan Gabriel,mexican music,False,False,False,True,
Chavela Vargas,La Llorona,Mi Mundo Raro,mexican music,False,False,False,True,
Vicente Fernández,El Rey,Historia De Un Idolo Vol.II,mexican music,False,False,False,True,
Los Tucanes De Tijuana,La Chona,Me Robaste El Corazon,mexican music,False,False,False,True,
Selena,Como La Flor,Dreaming Of You,mexican music,False,False,False,True,
Luis Miguel,Besame Mucho,Romances,mexican music,False,False,False,True,
Juan Gabriel,Amor Eterno,Mariachi Mexicanisimo (Instrumental),mexican music,False,False,False,True,
Vicente Fernández,El Rey,Historia De Un Idolo Vol.II,mexican music,False,False,False,True,
Los Pikadientes De Caborca,La Cumbia del Río,Vámonos Pa'l Río,mexican music,False,False,False,False,
Café Tacvba,Ojalá que llueva café,Avalancha de éxitos,mexican music,False,False,False,False,
Antonio Aguilar,Un Puño De Tierra,"Antonio Aguilar Con Tambora, Vol. 2",mexican music,False,False,False,False,
Vicente Fernández,"Volver, Volver",Arriba Huentitan,mexican music,False,False,False,False,
Luis Miguel,La bikina - En vivo,Vivo,mexican music,False,False,False,False,
Chavela Vargas,La Llorona,Mi Mundo Raro,mexican music,False,False,False,False,
José Alfredo Jimenez,El Rey,El Cantinero,mexican music,False,False,False,False,
Mariachi Vargas De Tecalitlán,Cielito Lindo,Mariachi Total,mexican music,False,False,False,False,
Juan Gabriel,Amor Eterno,Mariachi Mexicanisimo (Instrumental),mexican music,False,False,False,False,
Vicente Fernández,"Volver, Volver",Arriba Huentitan,mexican music,False,False,False,False,
