artist,title,album,prompt,include_top_ten_tracks,include_top_ten_artists,include_saved_albums,include_saved_tracks,include_country
deadmau5,Strobe,For Lack of a Better Name,EDM,True,True,True,True,
Zedd,Stay,Stay,EDM,True,True,True,True,
Marshmello,Silence (feat. Khalid),Summer Pop Party Songs,EDM,True,True,True,True,
Porter Robinson,Shelter,Shelter,EDM,True,True,True,True,
The Chainsmokers,Closer,Closer,EDM,True,True,True,True,
deadmau5,Strobe,For Lack of a Better Name,EDM,True,True,True,True,
Porter Robinson,Shelter,Shelter,EDM,True,True,True,True,
Eric Prydz,Opus,Opus,EDM,True,True,True,True,
Avicii,Levels - Original Version,Levels,EDM,True,True,True,True,
Martin Garrix,Animals,Animals,EDM,True,True,True,True,
deadmau5,Strobe,For Lack of a Better Name,EDM,True,True,True,False,
Porter Robinson,Shelter,Shelter,EDM,True,True,True,False,
Eric Prydz,Opus,Opus,EDM,True,True,True,False,
Avicii,Wake Me Up,True,EDM,True,True,True,False,
Zedd,Stay,Stay,EDM,True,True,True,False,
deadmau5,Strobe,For Lack of a Better Name,EDM,True,True,True,False,
Porter Robinson,Shelter,Shelter,EDM,True,True,True,False,
Avicii,Wake Me Up,True,EDM,True,True,True,False,
David Guetta,Titanium (feat. Sia),Nothing but the Beat 2.0,EDM,True,True,True,False,
Zedd,Stay,Stay,EDM,True,True,True,False,
deadmau5,Strobe,For Lack of a Better Name,EDM,True,True,False,True,
Zedd,Stay,Stay,EDM,True,True,False,True,
David Guetta,Titanium (feat. Sia),Nothing but the Beat 2.0,EDM,True,True,False,True,
Avicii,Wake Me Up,True,EDM,True,True,False,True,
The Chainsmokers,Don't Let Me Down,Don't Let Me Down,EDM,True,True,False,True,
deadmau5,Strobe,For Lack of a Better Name,EDM,True,True,False,True,
David Guetta,Titanium (feat. Sia),Nothing but the Beat 2.0,EDM,True,True,False,True,
Zedd,Stay,Stay,EDM,True,True,False,True,
Avicii,Wake Me Up,True,EDM,True,True,False,True,
The Chainsmokers,Don't Let Me Down,Don't Let Me Down,EDM,True,True,False,True,
MEDUZA,Lose Control,Lose Control,EDM,True,True,False,False,
Disclosure,You & Me - Flume Remix,Settle (The Remixes),EDM,True,True,False,False,
deadmau5,Strobe,For Lack of a Better Name,EDM,True,True,False,False,
Eric Prydz,Opus,Opus,EDM,True,True,False,False,
Porter Robinson,Shelter,Shelter,EDM,True,True,False,False,
deadmau5,Strobe,For Lack of a Better Name,EDM,True,True,False,False,
David Guetta,Titanium (feat. Sia),Nothing but the Beat 2.0,EDM,True,True,False,False,
Zedd,Clarity,Clarity,EDM,True,True,False,False,
Martin Garrix,Animals,Animals,EDM,True,True,False,False,
Avicii,Wake Me Up,True,EDM,True,True,False,False,
deadmau5,Strobe,For Lack of a Better Name,EDM,True,False,True,True,
Avicii,Wake Me Up,True,EDM,True,False,True,True,
David Guetta,Titanium (feat. Sia),Nothing but the Beat 2.0,EDM,True,False,True,True,
Avicii,Levels - Original Version,Levels,EDM,True,False,True,True,
Martin Garrix,Animals,Animals,EDM,True,False,True,True,
deadmau5,Strobe,For Lack of a Better Name,EDM,True,False,True,True,
Porter Robinson,Shelter,Shelter,EDM,True,False,True,True,
Avicii,Wake Me Up,True,EDM,True,False,True,True,
Martin Garrix,Animals,Animals,EDM,True,False,True,True,
David Guetta,Titanium (feat. Sia),Nothing but the Beat 2.0,EDM,True,False,True,True,
deadmau5,Strobe,For Lack of a Better Name,EDM,True,False,True,False,
David Guetta,Stay (Don't Go Away) [feat. Raye],Stay (Don't Go Away) [feat. Raye],EDM,True,False,True,False,
Marshmello,Silence,Silence,EDM,True,False,True,False,
David Guetta,Titanium (feat. Sia),Nothing but the Beat 2.0,EDM,True,False,True,False,
Martin Garrix,Animals,Animals,EDM,True,False,True,False,
deadmau5,Strobe,For Lack of a Better Name,EDM,True,False,True,False,
Porter Robinson,Shelter,Shelter,EDM,True,False,True,False,
David Guetta,Titanium (feat. Sia),Nothing but the Beat 2.0,EDM,True,False,True,False,
Zedd,Stay,Stay,EDM,True,False,True,False,
Avicii,Silhouettes - Original Radio Edit,Silhouettes,EDM,True,False,True,False,
deadmau5,Strobe,For Lack of a Better Name,EDM,True,False,False,True,
Porter Robinson,Shelter,Shelter,EDM,True,False,False,True,
Zedd,Stay,Stay,EDM,True,False,False,True,
David Guetta,Titanium (feat. Sia),Nothing but the Beat 2.0,EDM,True,False,False,True,
Marshmello,Silence,Silence,EDM,True,False,False,True,
deadmau5,Strobe,For Lack of a Better Name,EDM,True,False,False,True,
Zedd,Spectrum,Clarity,EDM,True,False,False,True,
David Guetta,Titanium (feat. Sia),Nothing but the Beat 2.0,EDM,True,False,False,True,
Martin Garrix,Animals,Animals,EDM,True,False,False,True,
Marshmello,Silence,Silence,EDM,True,False,False,True,
deadmau5,Strobe,For Lack of a Better Name,EDM,True,False,False,False,
Martin Garrix,Animals,Animals,EDM,True,False,False,False,
Zedd,Clarity,Clarity,EDM,True,False,False,False,
David Guetta,Titanium (feat. Sia),Nothing but the Beat 2.0,EDM,True,False,False,False,
Avicii,Wake Me Up,True,EDM,True,False,False,False,
deadmau5,Strobe,For Lack of a Better Name,EDM,True,False,False,False,
Eric Prydz,Opus,Opus,EDM,True,False,False,False,
David Guetta,Titanium (feat. Sia),Nothing but the Beat 2.0,EDM,True,False,False,False,
Disclosure,You & Me - Flume Remix,Settle (The Remixes),EDM,True,False,False,False,
Martin Garrix,Animals,Animals,EDM,True,False,False,False,
deadmau5,Strobe,For Lack of a Better Name,EDM,False,True,True,True,
Zedd,Stay,Stay,EDM,False,True,True,True,
Eric Prydz,Opus,Opus,EDM,False,True,True,True,
Avicii,Wake Me Up,True,EDM,False,True,True,True,
deadmau5,Ghosts 'n' Stuff,For Lack of a Better Name,EDM,False,True,True,True,
deadmau5,Strobe,For Lack of a Better Name,EDM,False,True,True,True,
Porter Robinson,Shelter,Shelter,EDM,False,True,True,True,
Eric Prydz,Opus,Opus,EDM,False,True,True,True,
Zedd,Stay,Stay,EDM,False,True,True,True,
Avicii,Wake Me Up,True,EDM,False,True,True,True,
deadmau5,Strobe,For Lack of a Better Name,EDM,False,True,True,False,
Zedd,Stay,Stay,EDM,False,True,True,False,
Avicii,Wake Me Up,True,EDM,False,True,True,False,
Eric Prydz,Opus,Opus,EDM,False,True,True,False,
Martin Garrix,Animals,Animals,EDM,False,True,True,False,
Zedd,Stay,Stay,EDM,False,True,True,False,
deadmau5,Strobe,For Lack of a Better Name,EDM,False,True,True,False,
Martin Garrix,Animals,Animals,EDM,False,True,True,False,
MUSIC LAB JPN,Lean On - Cover,BIKINI PARTY - EDM 2024 MEDLEY,EDM,False,True,True,False,
Alan Walker,Faded,Faded,EDM,False,True,True,False,
deadmau5,Strobe,For Lack of a Better Name,EDM,False,True,False,True,
Porter Robinson,Shelter,Shelter,EDM,False,True,False,True,
Zedd,Stay,Stay,EDM,False,True,False,True,
Marshmello,Silence,Silence,EDM,False,True,False,True,
Avicii,Wake Me Up,True,EDM,False,True,False,True,
Avicii,Wake Me Up,True,EDM,False,True,False,True,
deadmau5,Strobe,For Lack of a Better Name,EDM,False,True,False,True,
David Guetta,Titanium (feat. Sia),Nothing but the Beat 2.0,EDM,False,True,False,True,
Zedd,Stay,Stay,EDM,False,True,False,True,
Marshmello,Silence,Silence,EDM,False,True,False,True,
deadmau5,Strobe,For Lack of a Better Name,EDM,False,True,False,False,
David Guetta,Titanium (feat. Sia),Nothing but the Beat 2.0,EDM,False,True,False,False,
Avicii,Wake Me Up,True,EDM,False,True,False,False,
Martin Garrix,Animals,Animals,EDM,False,True,False,False,
Marshmello,Silence,Silence,EDM,False,True,False,False,
The Weeknd,Take My Breath,Dawn FM,EDM,False,True,False,False,
Travis Scott,STARGAZING,ASTROWORLD,EDM,False,True,False,False,
The Marías,Hush,CINEMA,EDM,False,True,False,False,
Don Toliver,After Party,Heaven Or Hell,EDM,False,True,False,False,
Travis Scott,Goosebumps - Remix,Goosebumps (Remix),EDM,False,True,False,False,
deadmau5,Strobe,For Lack of a Better Name,EDM,False,False,True,True,
Avicii,Wake Me Up,True,EDM,False,False,True,True,
David Guetta,Titanium (feat. Sia),Nothing but the Beat 2.0,EDM,False,False,True,True,
Zedd,Clarity,Clarity,EDM,False,False,True,True,
Martin Garrix,Animals,Animals,EDM,False,False,True,True,
deadmau5,Strobe,For Lack of a Better Name,EDM,False,False,True,True,
Porter Robinson,Shelter,Shelter,EDM,False,False,True,True,
Eric Prydz,Opus,Opus,EDM,False,False,True,True,
David Guetta,Titanium (feat. Sia),Nothing but the Beat 2.0,EDM,False,False,True,True,
Zedd,Stay,Stay,EDM,False,False,True,True,
deadmau5,Strobe,For Lack of a Better Name,EDM,False,False,True,False,
David Guetta,Titanium (feat. Sia),Nothing but the Beat 2.0,EDM,False,False,True,False,
Martin Garrix,Animals,Animals,EDM,False,False,True,False,
Avicii,Wake Me Up,True,EDM,False,False,True,False,
Swedish House Mafia,Don't You Worry Child,Don't You Worry Child,EDM,False,False,True,False,
deadmau5,Strobe,For Lack of a Better Name,EDM,False,False,True,False,
Martin Garrix,Animals,Animals,EDM,False,False,True,False,
David Guetta,Titanium (feat. Sia),Nothing but the Beat 2.0,EDM,False,False,True,False,
Major Lazer,Lean On,Peace Is The Mission,EDM,False,False,True,False,
Avicii,Wake Me Up,True,EDM,False,False,True,False,
deadmau5,Strobe,For Lack of a Better Name,EDM,False,False,False,True,
David Guetta,Titanium (feat. Sia),Nothing but the Beat 2.0,EDM,False,False,False,True,
Avicii,Levels - Original Version,Levels,EDM,False,False,False,True,
Martin Garrix,Animals,Animals,EDM,False,False,False,True,
Zedd,Stay,Stay,EDM,False,False,False,True,
deadmau5,Strobe,For Lack of a Better Name,EDM,False,False,False,True,
Porter Robinson,Shelter,Shelter,EDM,False,False,False,True,
Avicii,Levels - Original Version,Levels,EDM,False,False,False,True,
Zedd,Stay,Stay,EDM,False,False,False,True,
Skrillex,Scary Monsters and Nice Sprites,Scary Monsters and Nice Sprites EP,EDM,False,False,False,True,
deadmau5,Strobe,For Lack of a Better Name,EDM,False,False,False,False,
Porter Robinson,Shelter,Shelter,EDM,False,False,False,False,
Eric Prydz,Opus,Opus,EDM,False,False,False,False,
DJ Snake,Turn Down for What,Turn Down for What,EDM,False,False,False,False,
Zedd,Stay,Stay,EDM,False,False,False,False,
Eric Prydz,Opus,Opus,EDM,False,False,False,False,
deadmau5,Strobe,For Lack of a Better Name,EDM,False,False,False,False,
Porter Robinson,Shelter,Shelter,EDM,False,False,False,False,
deadmau5,The Veldt Cinema - BYNX Edit,The Veldt Cinema (BYNX Edit),EDM,False,False,False,False,
Martin Garrix,Animals,Animals,EDM,False,False,False,False,
