artist,title,album,prompt,include_top_ten_tracks,include_top_ten_artists,include_saved_albums,include_saved_tracks,include_country
Budka Suflera,Jolka Jolka pamiętasz (Live),Live at Carnegie Hall (2),polish music,True,True,True,True,
Perfect,Autobiografia,Unu,polish music,True,True,True,True,
Lombard,Przeżyj To Sam,Lombard Swing,polish music,True,True,True,True,
Lady Pank,Zawsze tam gdzie Ty,Zawsze tam gdzie Ty,polish music,True,True,True,True,
Perfect,Chcemy Być Sobą,Perfect,polish music,True,True,True,True,
Perfect,Autobiografia,Unu,polish music,True,True,True,True,
Mata,Patoreakcja,Młody Matczak,polish music,True,True,True,True,
Mrozu,Złoto,Złote Bloki,polish music,True,True,True,True,
Boys,Jesteś Szalona - Bonus Track,Zadowoleni,polish music,True,True,True,True,
sanah,Królowa dram,Królowa dram,polish music,True,True,True,True,
Akcent,Przez Twe Oczy Zielone,Przez Twe Oczy Zielone,polish music,True,True,True,False,
Republika,Biała Flaga,Koncerty W Trójce - Republika (Live 6.12.1998),polish music,True,True,True,False,
Dawid Podsiadło,Małomiasteczkowy,Małomiasteczkowy,polish music,True,True,True,False,
Lady Pank,Zawsze tam gdzie Ty,Zawsze tam gdzie Ty,polish music,True,True,True,False,
Dawid Podsiadło,Nieznajomy,Comfort and Happiness,polish music,True,True,True,False,
Myslovitz,Długość dźwięku samotności,Miłość w czasach popkultury,polish music,True,True,True,False,
Dawid Podsiadło,Nieznajomy,Comfort and Happiness,polish music,True,True,True,False,
Organek,Czarna Madonna,Czarna Madonna,polish music,True,True,True,False,
Dawid Podsiadło,Nie Ma Fal,Małomiasteczkowy,polish music,True,True,True,False,
Rezerwat,Zaopiekuj się mną,Polskie single '86,polish music,True,True,True,False,
Budka Suflera,Jolka Jolka pamiętasz (Live),Live at Carnegie Hall (2),polish music,True,True,False,True,
Dawid Podsiadło,Nieznajomy,Comfort and Happiness,polish music,True,True,False,True,
Myslovitz,Długość dźwięku samotności,Miłość w czasach popkultury,polish music,True,True,False,True,
Sławomir,Miłość w Zakopanem,The Greatest Hits,polish music,True,True,False,True,
Feel,A Gdy Jest Już Ciemno,Feel,polish music,True,True,False,True,
Organek,Nieboskłon - Live,Męskie granie 2017,polish music,True,True,False,True,
Budka Suflera,Jolka Jolka pamiętasz (Live),Live at Carnegie Hall (2),polish music,True,True,False,True,
Myslovitz,Długość dźwięku samotności,Miłość w czasach popkultury,polish music,True,True,False,True,
Obywatel G.C.,Nie Pytaj O Polskę,Tak! Tak!,polish music,True,True,False,True,
sanah,Królowa dram,Królowa dram,polish music,True,True,False,True,
Budka Suflera,Jolka Jolka pamiętasz (Live),Live at Carnegie Hall (2),polish music,True,True,False,False,
Dawid Podsiadło,Małomiasteczkowy,Małomiasteczkowy,polish music,True,True,False,False,
Perfect,Autobiografia,Unu,polish music,True,True,False,False,
Lombard,Przeżyj To Sam,Lombard Swing,polish music,True,True,False,False,
Urszula,"Dmuchawce, latawce, wiatr",Urszula 1983 (2011 Remastered),polish music,True,True,False,False,
Dawid Podsiadło,Nieznajomy,Comfort and Happiness,polish music,True,True,False,False,
Dawid Podsiadło,Małomiasteczkowy,Małomiasteczkowy,polish music,True,True,False,False,
Męskie Granie Orkiestra,Początek,Początek,polish music,True,True,False,False,
Dawid Podsiadło,W Dobrą Stronę,Annoyance and Disappointment,polish music,True,True,False,False,
Dawid Podsiadło,Nie Ma Fal,Małomiasteczkowy,polish music,True,True,False,False,
sanah,Szampan,Królowa dram,polish music,True,False,True,True,
sanah,Melodia,Królowa dram,polish music,True,False,True,True,
Męskie Granie Orkiestra,Początek,Początek,polish music,True,False,True,True,
Paweł Domagała,Weź nie pytaj,1984,polish music,True,False,True,True,
Maanam,"Kocham Cię, Kochanie Moje",The Best Of Kora & Maanam Volume II,polish music,True,False,True,True,
Budka Suflera,Jolka Jolka pamiętasz (Live),Live at Carnegie Hall (2),polish music,True,False,True,True,
Akcent,Przez Twe Oczy Zielone,Przez Twe Oczy Zielone,polish music,True,False,True,True,
Dawid Podsiadło,Nieznajomy,Comfort and Happiness,polish music,True,False,True,True,
TACONAFIDE,Tamagotchi,"Soma 0,5 mg",polish music,True,False,True,True,
Lady Pank,Zawsze tam gdzie Ty,Zawsze tam gdzie Ty,polish music,True,False,True,True,
Dawid Podsiadło,Małomiasteczkowy,Małomiasteczkowy,polish music,True,False,True,False,
Natalia Nykiel,Badz Duzy,Lupus Electro (Deluxe Edition),polish music,True,False,True,False,
Dawid Podsiadło,W Dobrą Stronę,Annoyance and Disappointment,polish music,True,False,True,False,
Organek,Czarna Madonna,Czarna Madonna,polish music,True,False,True,False,
Mrozu,Złoto,Złote Bloki,polish music,True,False,True,False,
Myslovitz,Długość dźwięku samotności,Miłość w czasach popkultury,polish music,True,False,True,False,
Dawid Podsiadło,Trójkąty i Kwadraty,Comfort and Happiness,polish music,True,False,True,False,
sanah,Melodia,Królowa dram,polish music,True,False,True,False,
Obywatel G.C.,Nie Pytaj O Polskę,Tak! Tak!,polish music,True,False,True,False,
Tadeusz Woźniak,Zegarmistrz światła,Tadeusz Woźniak,polish music,True,False,True,False,
Budka Suflera,Jolka Jolka pamiętasz (Live),Live at Carnegie Hall (2),polish music,True,False,False,True,
Perfect,Autobiografia,Unu,polish music,True,False,False,True,
Marek Grechuta,"Dni, których nie znamy",Marek Grechuta - 40 piosenek,polish music,True,False,False,True,
Maanam,Cykady na Cykladach,Miłość jest cudowna (1975-2015),polish music,True,False,False,True,
Dawid Podsiadło,Nieznajomy,Comfort and Happiness,polish music,True,False,False,True,
sanah,Królowa dram,Królowa dram,polish music,True,False,False,True,
sanah,Szampan,Królowa dram,polish music,True,False,False,True,
Natalia Nykiel,Badz Duzy,Lupus Electro (Deluxe Edition),polish music,True,False,False,True,
Niemen,Sen O Warszawie,65 Lat Polskiej Piosenki 2,polish music,True,False,False,True,
sanah,Melodia,Królowa dram,polish music,True,False,False,True,
Budka Suflera,Jolka Jolka pamiętasz (Live),Live at Carnegie Hall (2),polish music,True,False,False,False,
Perfect,Autobiografia,Unu,polish music,True,False,False,False,
Maanam,"Kocham Cię, Kochanie Moje",The Best Of Kora & Maanam Volume II,polish music,True,False,False,False,
Lombard,Przeżyj To Sam,Lombard Swing,polish music,True,False,False,False,
Maanam,Cykady na Cykladach,Miłość jest cudowna (1975-2015),polish music,True,False,False,False,
TACONAFIDE,Tamagotchi,"Soma 0,5 mg",polish music,True,False,False,False,
Dawid Podsiadło,Nieznajomy,Comfort and Happiness,polish music,True,False,False,False,
Budka Suflera,Jolka Jolka pamiętasz (Live),Live at Carnegie Hall (2),polish music,True,False,False,False,
sanah,Szampan,Królowa dram,polish music,True,False,False,False,
Grubson,Na Szczycie,O.R.S.,polish music,True,False,False,False,
sanah,Nic dwa razy (W. Szymborska),Nic dwa razy (W. Szymborska),polish music,False,True,True,True,
Organek,Czarna Madonna,Czarna Madonna,polish music,False,True,True,True,
Maanam,"Kocham Cię, Kochanie Moje",The Best Of Kora & Maanam Volume II,polish music,False,True,True,True,
Quebonafide,BUBBLETEA,ROMANTIC PSYCHO,polish music,False,True,True,True,
Mrozu,Złoto,Złote Bloki,polish music,False,True,True,True,
Turbo,Dorosłe dzieci,Remix 92,polish music,False,True,True,True,
Dawid Podsiadło,Małomiasteczkowy,Małomiasteczkowy,polish music,False,True,True,True,
TACONAFIDE,Tamagotchi,"Soma 0,5 mg",polish music,False,True,True,True,
Brodka,Granda,Granda,polish music,False,True,True,True,
Agnieszka Chylińska,Królowa łez,Forever Child,polish music,False,True,True,True,
sanah,Królowa dram,Królowa dram,polish music,False,True,True,False,
Męskie Granie Orkiestra,Początek,Początek,polish music,False,True,True,False,
Dawid Podsiadło,Małomiasteczkowy,Małomiasteczkowy,polish music,False,True,True,False,
Agnieszka Chylińska,Królowa łez,Forever Child,polish music,False,True,True,False,
sanah,Ale jazz!,Ale jazz!,polish music,False,True,True,False,
Dawid Podsiadło,Małomiasteczkowy,Małomiasteczkowy,polish music,False,True,True,False,
Męskie Granie Orkiestra,Początek,Początek,polish music,False,True,True,False,
Maanam,"Kocham Cię, Kochanie Moje",The Best Of Kora & Maanam Volume II,polish music,False,True,True,False,
Dawid Podsiadło,W Dobrą Stronę,Annoyance and Disappointment,polish music,False,True,True,False,
Paweł Domagała,Weź nie pytaj,1984,polish music,False,True,True,False,
Dawid Podsiadło,W Dobrą Stronę,Annoyance and Disappointment,polish music,False,True,False,True,
Budka Suflera,Jolka Jolka pamiętasz (Live),Live at Carnegie Hall (2),polish music,False,True,False,True,
Dawid Podsiadło,Małomiasteczkowy,Małomiasteczkowy,polish music,False,True,False,True,
Lady Pank,Zawsze tam gdzie Ty,Zawsze tam gdzie Ty,polish music,False,True,False,True,
Happysad,Zanim pójdę,Wszystko jedno,polish music,False,True,False,True,
Republika,Biała Flaga,Koncerty W Trójce - Republika (Live 6.12.1998),polish music,False,True,False,True,
Obywatel G.C.,Nie Pytaj O Polskę,Tak! Tak!,polish music,False,True,False,True,
Budka Suflera,Jolka Jolka pamiętasz (Live),Live at Carnegie Hall (2),polish music,False,True,False,True,
T.Love,Autobusy i tramwaje - 2008 Remaster,Złota Kolekcja,polish music,False,True,False,True,
Dawid Podsiadło,Małomiasteczkowy,Małomiasteczkowy,polish music,False,True,False,True,
Agnieszka Chylińska,Królowa łez,Forever Child,polish music,False,True,False,False,
sanah,Melodia,Królowa dram,polish music,False,True,False,False,
TACONAFIDE,Tamagotchi,"Soma 0,5 mg",polish music,False,True,False,False,
Dawid Podsiadło,W Dobrą Stronę,Annoyance and Disappointment,polish music,False,True,False,False,
Dawid Podsiadło,Nieznajomy,Comfort and Happiness,polish music,False,True,False,False,
sanah,Królowa dram,Królowa dram,polish music,False,True,False,False,
Dawid Podsiadło,Małomiasteczkowy,Małomiasteczkowy,polish music,False,True,False,False,
Dawid Podsiadło,W Dobrą Stronę,Annoyance and Disappointment,polish music,False,True,False,False,
sanah,Szampan,Królowa dram,polish music,False,True,False,False,
Maanam,"Kocham Cię, Kochanie Moje",The Best Of Kora & Maanam Volume II,polish music,False,True,False,False,
Dawid Podsiadło,Małomiasteczkowy,Małomiasteczkowy,polish music,False,False,True,True,
Daria Zawiałow,Za krótki sen,Wojny i Noce,polish music,False,False,True,True,
Mata,Patointeligencja,100 dni do matury,polish music,False,False,True,True,
Budka Suflera,Jolka Jolka pamiętasz (Live),Live at Carnegie Hall (2),polish music,False,False,True,True,
Lady Pank,Zawsze tam gdzie Ty,Zawsze tam gdzie Ty,polish music,False,False,True,True,
sanah,Szampan,Królowa dram,polish music,False,False,True,True,
Myslovitz,Długość dźwięku samotności,Miłość w czasach popkultury,polish music,False,False,True,True,
Organek,Nieboskłon - Live,Męskie granie 2017,polish music,False,False,True,True,
T.Love,Chłopaki nie płaczą,Chłopaki nie płaczą,polish music,False,False,True,True,
Dawid Podsiadło,Małomiasteczkowy,Małomiasteczkowy,polish music,False,False,True,True,
Dawid Podsiadło,Małomiasteczkowy,Małomiasteczkowy,polish music,False,False,True,False,
sanah,Szampan,Królowa dram,polish music,False,False,True,False,
Grubson,Na Szczycie,O.R.S.,polish music,False,False,True,False,
Męskie Granie Orkiestra,Początek,Początek,polish music,False,False,True,False,
Dawid Podsiadło,W Dobrą Stronę,Annoyance and Disappointment,polish music,False,False,True,False,
Budka Suflera,Jolka Jolka pamiętasz (Live),Live at Carnegie Hall (2),polish music,False,False,True,False,
Myslovitz,Długość dźwięku samotności,Miłość w czasach popkultury,polish music,False,False,True,False,
Perfect,Autobiografia,Unu,polish music,False,False,True,False,
Obywatel G.C.,Nie Pytaj O Polskę,Tak! Tak!,polish music,False,False,True,False,
Lady Pank,Zawsze tam gdzie Ty,Zawsze tam gdzie Ty,polish music,False,False,True,False,
Budka Suflera,Jolka Jolka pamiętasz (Live),Live at Carnegie Hall (2),polish music,False,False,False,True,
Mrozu,Złoto,Złote Bloki,polish music,False,False,False,True,
Grzegorz Turnau,Cichosza,Pod Swiatlo,polish music,False,False,False,True,
Agnieszka Chylińska,Królowa łez,Forever Child,polish music,False,False,False,True,
Chłopcy z Placu Broni,Kocham wolność,Polskie single '89,polish music,False,False,False,True,
Mrozu,Złoto,Złote Bloki,polish music,False,False,False,True,
Męskie Granie Orkiestra,Początek,Początek,polish music,False,False,False,True,
Agnieszka Chylińska,Królowa łez,Forever Child,polish music,False,False,False,True,
sanah,Szampan,Królowa dram,polish music,False,False,False,True,
Dawid Podsiadło,Nie Ma Fal,Małomiasteczkowy,polish music,False,False,False,True,
Farba,Chcę tu zostać,Muszę krzyczeć (Reedycja),polish music,False,False,False,False,
sanah,Królowa dram,Królowa dram,polish music,False,False,False,False,
Budka Suflera,Jolka Jolka pamiętasz (Live),Live at Carnegie Hall (2),polish music,False,False,False,False,
Grzegorz Turnau,Cichosza,Pod Swiatlo,polish music,False,False,False,False,
Maanam,"Kocham Cię, Kochanie Moje",The Best Of Kora & Maanam Volume II,polish music,False,False,False,False,
Organek,Nieboskłon - Live,Męskie granie 2017,polish music,False,False,False,False,
Dawid Podsiadło,W Dobrą Stronę,Annoyance and Disappointment,polish music,False,False,False,False,
Dawid Podsiadło,Małomiasteczkowy,Małomiasteczkowy,polish music,False,False,False,False,
Męskie Granie Orkiestra,Początek,Początek,polish music,False,False,False,False,
Chłopcy z Placu Broni,Kocham wolność,Polskie single '89,polish music,False,False,False,False,
