artist,title,album,prompt,include_top_ten_tracks,include_top_ten_artists,include_saved_albums,include_saved_tracks,include_country
The Weeknd,Blinding Lights,After Hours,pop,True,True,True,True,
SZA,Good Days,Good Days,pop,True,True,True,True,
Kali Uchis,telepatía,Sin Miedo (del Amor y Otros Demonios) ∞,pop,True,True,True,True,
Dua Lipa,Levitating,Future Nostalgia,pop,True,True,True,True,
Harry Styles,Watermelon Sugar,Fine Line,pop,True,True,True,True,
The Weeknd,Blinding Lights,After Hours,pop,True,True,True,True,
SZA,Good Days,Good Days,pop,True,True,True,True,
Kali Uchis,telepatía,Sin Miedo (del Amor y Otros Demonios) ∞,pop,True,True,True,True,
Dua Lipa,Levitating,Future Nostalgia,pop,True,True,True,True,
Harry Styles,Watermelon Sugar,Fine Line,pop,True,True,True,True,
The Weeknd,Blinding Lights,After Hours,pop,True,True,True,False,
SZA,Good Days,Good Days,pop,True,True,True,False,
Bad Bunny,Callaita,Un Verano Sin Ti,pop,True,True,True,False,
Kali Uchis,telepatía,Sin Miedo (del Amor y Otros Demonios) ∞,pop,True,True,True,False,
JVKE,golden hour,golden hour,pop,True,True,True,False,
The Weeknd,Blinding Lights,After Hours,pop,True,True,True,False,
SZA,Good Days,Good Days,pop,True,True,True,False,
Kali Uchis,telepatía,Sin Miedo (del Amor y Otros Demonios) ∞,pop,True,True,True,False,
Dua Lipa,Levitating,Future Nostalgia,pop,True,True,True,False,
Jawsh 685,Savage Love (Laxed - Siren Beat),Savage Love (Laxed - Siren Beat),pop,True,True,True,False,
The Weeknd,Blinding Lights,After Hours,pop,True,True,False,True,
SZA,Good Days,Good Days,pop,True,True,False,True,
Kali Uchis,telepatía,Sin Miedo (del Amor y Otros Demonios) ∞,pop,True,True,False,True,
Dua Lipa,Levitating,Future Nostalgia,pop,True,True,False,True,
The Kid LAROI,STAY (with Justin Bieber),STAY (with Justin Bieber),pop,True,True,False,True,
The Weeknd,Blinding Lights,After Hours,pop,True,True,False,True,
SZA,Good Days,Good Days,pop,True,True,False,True,
Bruno Mars,Leave The Door Open,An Evening With Silk Sonic,pop,True,True,False,True,
Justin Bieber,Peaches (feat. Daniel Caesar & Giveon),Justice,pop,True,True,False,True,
Doja Cat,Kiss Me More (feat. SZA),Kiss Me More (feat. SZA),pop,True,True,False,True,
The Weeknd,Blinding Lights,After Hours,pop,True,True,False,False,
SZA,Good Days,Good Days,pop,True,True,False,False,
Kali Uchis,telepatía,Sin Miedo (del Amor y Otros Demonios) ∞,pop,True,True,False,False,
Doja Cat,Kiss Me More (feat. SZA),Kiss Me More (feat. SZA),pop,True,True,False,False,
Harry Styles,Golden,Fine Line,pop,True,True,False,False,
The Weeknd,Save Your Tears,After Hours,pop,True,True,False,False,
SZA,Good Days,Good Days,pop,True,True,False,False,
Maluma,Hawái,PAPI JUANCHO,pop,True,True,False,False,
Dua Lipa,Levitating,Future Nostalgia,pop,True,True,False,False,
Harry Styles,Watermelon Sugar,Fine Line,pop,True,True,False,False,
Dua Lipa,Levitating,Future Nostalgia,pop,True,False,True,True,
The Weeknd,Blinding Lights,After Hours,pop,True,False,True,True,
Olivia Rodrigo,good 4 u,SOUR,pop,True,False,True,True,
Ariana Grande,positions,Positions,pop,True,False,True,True,
Harry Styles,Watermelon Sugar,Fine Line,pop,True,False,True,True,
The Weeknd,Blinding Lights,After Hours,pop,True,False,True,True,
Dua Lipa,Levitating,Future Nostalgia,pop,True,False,True,True,
Harry Styles,Watermelon Sugar,Fine Line,pop,True,False,True,True,
Olivia Rodrigo,good 4 u,SOUR,pop,True,False,True,True,
The Weeknd,Save Your Tears,After Hours,pop,True,False,True,True,
Dua Lipa,Levitating,Future Nostalgia,pop,True,False,True,False,
The Weeknd,Blinding Lights,After Hours,pop,True,False,True,False,
Olivia Rodrigo,good 4 u,SOUR,pop,True,False,True,False,
Justin Bieber,Peaches (feat. Daniel Caesar & Giveon),Justice,pop,True,False,True,False,
Harry Styles,Watermelon Sugar,Fine Line,pop,True,False,True,False,
The Weeknd,Blinding Lights,After Hours,pop,True,False,True,False,
Dua Lipa,Levitating,Future Nostalgia,pop,True,False,True,False,
Olivia Rodrigo,good 4 u,SOUR,pop,True,False,True,False,
Dua Lipa,Don't Start Now,Future Nostalgia,pop,True,False,True,False,
Harry Styles,Watermelon Sugar,Fine Line,pop,True,False,True,False,
Dua Lipa,Levitating,Future Nostalgia,pop,True,False,False,True,
The Weeknd,Blinding Lights,After Hours,pop,True,False,False,True,
Harry Styles,Watermelon Sugar,Fine Line,pop,True,False,False,True,
Dua Lipa,Don't Start Now,Future Nostalgia,pop,True,False,False,True,
Harry Styles,Adore You,Fine Line,pop,True,False,False,True,
Dua Lipa,Levitating,Future Nostalgia,pop,True,False,False,True,
The Weeknd,Blinding Lights,After Hours,pop,True,False,False,True,
Harry Styles,Watermelon Sugar,Fine Line,pop,True,False,False,True,
Olivia Rodrigo,good 4 u,SOUR,pop,True,False,False,True,
The Kid LAROI,STAY (with Justin Bieber),STAY (with Justin Bieber),pop,True,False,False,True,
Dua Lipa,Levitating,Future Nostalgia,pop,True,False,False,False,
The Weeknd,Blinding Lights,After Hours,pop,True,False,False,False,
Harry Styles,Watermelon Sugar,Fine Line,pop,True,False,False,False,
Olivia Rodrigo,good 4 u,SOUR,pop,True,False,False,False,
Dua Lipa,Don't Start Now,Future Nostalgia,pop,True,False,False,False,
Dua Lipa,Levitating,Future Nostalgia,pop,True,False,False,False,
Harry Styles,Watermelon Sugar,Fine Line,pop,True,False,False,False,
The Weeknd,Blinding Lights,After Hours,pop,True,False,False,False,
Olivia Rodrigo,good 4 u,SOUR,pop,True,False,False,False,
Justin Bieber,Peaches (feat. Daniel Caesar & Giveon),Justice,pop,True,False,False,False,
The Weeknd,Blinding Lights,After Hours,pop,False,True,True,True,
SZA,Good Days,Good Days,pop,False,True,True,True,
Bad Bunny,DÁKITI,DÁKITI,pop,False,True,True,True,
ROSALÍA,TKN (feat. Travis Scott),TKN (feat. Travis Scott),pop,False,True,True,True,
Kali Uchis,telepatía,Sin Miedo (del Amor y Otros Demonios) ∞,pop,False,True,True,True,
The Weeknd,Blinding Lights,After Hours,pop,False,True,True,True,
SZA,Good Days,Good Days,pop,False,True,True,True,
Billie Eilish,Happier Than Ever,Happier Than Ever,pop,False,True,True,True,
Doja Cat,Kiss Me More (feat. SZA),Kiss Me More (feat. SZA),pop,False,True,True,True,
Camila Cabello,Havana (feat. Young Thug),Camila,pop,False,True,True,True,
The Weeknd,Save Your Tears,After Hours,pop,False,True,True,False,
SZA,Kill Bill,SOS,pop,False,True,True,False,
The Marías,Hush,CINEMA,pop,False,True,True,False,
Don Toliver,Euphoria (feat. Travis Scott & Kaash Paige),Heaven Or Hell,pop,False,True,True,False,
Travis Scott,goosebumps,Birds In The Trap Sing McKnight,pop,False,True,True,False,
The Weeknd,Save Your Tears,After Hours,pop,False,True,True,False,
SZA,Good Days,Good Days,pop,False,True,True,False,
Doja Cat,Kiss Me More (feat. SZA),Kiss Me More (feat. SZA),pop,False,True,True,False,
Harry Styles,Watermelon Sugar,Fine Line,pop,False,True,True,False,
Dua Lipa,Levitating,Future Nostalgia,pop,False,True,True,False,
The Weeknd,Blinding Lights,After Hours,pop,False,True,False,True,
SZA,Good Days,Good Days,pop,False,True,False,True,
Mitski,The Only Heartbreaker,Laurel Hell,pop,False,True,False,True,
The Weeknd,Save Your Tears,After Hours,pop,False,True,False,True,
Doja Cat,Woman,Planet Her,pop,False,True,False,True,
The Weeknd,Save Your Tears,After Hours,pop,False,True,False,True,
SZA,Good Days,Good Days,pop,False,True,False,True,
Billie Eilish,Happier Than Ever,Happier Than Ever,pop,False,True,False,True,
Dua Lipa,Levitating,Future Nostalgia,pop,False,True,False,True,
The Weeknd,In Your Eyes,After Hours,pop,False,True,False,True,
The Weeknd,Blinding Lights,After Hours,pop,False,True,False,False,
SZA,Good Days,Good Days,pop,False,True,False,False,
The Weeknd,Save Your Tears,After Hours,pop,False,True,False,False,
Don Toliver,After Party,Heaven Or Hell,pop,False,True,False,False,
Bad Bunny,Tití Me Preguntó,Un Verano Sin Ti,pop,False,True,False,False,
The Weeknd,Blinding Lights,After Hours,pop,False,True,False,False,
SZA,Good Days,Good Days,pop,False,True,False,False,
The Weeknd,Save Your Tears,After Hours,pop,False,True,False,False,
Don Toliver,After Party,Heaven Or Hell,pop,False,True,False,False,
ROSALÍA,TKN (feat. Travis Scott),TKN (feat. Travis Scott),pop,False,True,False,False,
Dua Lipa,Levitating,Future Nostalgia,pop,False,False,True,True,
Olivia Rodrigo,good 4 u,SOUR,pop,False,False,True,True,
The Weeknd,Blinding Lights,After Hours,pop,False,False,True,True,
Harry Styles,Watermelon Sugar,Fine Line,pop,False,False,True,True,
Ariana Grande,positions,Positions,pop,False,False,True,True,
The Weeknd,Blinding Lights,After Hours,pop,False,False,True,True,
Dua Lipa,Levitating,Future Nostalgia,pop,False,False,True,True,
Harry Styles,Watermelon Sugar,Fine Line,pop,False,False,True,True,
Olivia Rodrigo,good 4 u,SOUR,pop,False,False,True,True,
Dua Lipa,Don't Start Now,Future Nostalgia,pop,False,False,True,True,
Dua Lipa,Levitating,Future Nostalgia,pop,False,False,True,False,
The Weeknd,Blinding Lights,After Hours,pop,False,False,True,False,
Harry Styles,Watermelon Sugar,Fine Line,pop,False,False,True,False,
Olivia Rodrigo,drivers license,SOUR,pop,False,False,True,False,
Olivia Rodrigo,good 4 u,SOUR,pop,False,False,True,False,
The Weeknd,Blinding Lights,After Hours,pop,False,False,True,False,
Dua Lipa,Levitating,Future Nostalgia,pop,False,False,True,False,
Lady Gaga,Rain On Me (with Ariana Grande),Chromatica,pop,False,False,True,False,
Olivia Rodrigo,good 4 u,SOUR,pop,False,False,True,False,
BTS,Butter,"Butter (Hotter, Sweeter, Cooler)",pop,False,False,True,False,
Dua Lipa,Levitating,Future Nostalgia,pop,False,False,False,True,
Harry Styles,Watermelon Sugar,Fine Line,pop,False,False,False,True,
Olivia Rodrigo,good 4 u,SOUR,pop,False,False,False,True,
The Weeknd,Blinding Lights,After Hours,pop,False,False,False,True,
Ariana Grande,positions,Positions,pop,False,False,False,True,
Dua Lipa,Levitating,Future Nostalgia,pop,False,False,False,True,
The Weeknd,Blinding Lights,After Hours,pop,False,False,False,True,
Olivia Rodrigo,good 4 u,SOUR,pop,False,False,False,True,
Harry Styles,Watermelon Sugar,Fine Line,pop,False,False,False,True,
Dua Lipa,Don't Start Now,Future Nostalgia,pop,False,False,False,True,
Dua Lipa,Levitating,Future Nostalgia,pop,False,False,False,False,
The Weeknd,Blinding Lights,After Hours,pop,False,False,False,False,
Harry Styles,Watermelon Sugar,Fine Line,pop,False,False,False,False,
Olivia Rodrigo,good 4 u,SOUR,pop,False,False,False,False,
Doja Cat,Say So,Hot Pink,pop,False,False,False,False,
Dua Lipa,Levitating,Future Nostalgia,pop,False,False,False,False,
The Weeknd,Blinding Lights,After Hours,pop,False,False,False,False,
Dua Lipa,Don't Start Now,Future Nostalgia,pop,False,False,False,False,
Olivia Rodrigo,good 4 u,SOUR,pop,False,False,False,False,
Harry Styles,Watermelon Sugar,Fine Line,pop,False,False,False,False,
