artist,title,album,prompt,include_top_ten_tracks,include_top_ten_artists,include_saved_albums,include_saved_tracks,include_country
Pinkfong,Baby Shark,Pinkfong Animal Songs,songs for kids,True,True,True,True,
The Kiboomers,The Wheels on the Bus,Kid Songs Collection,songs for kids,True,True,True,True,
Super Simple Songs,If You're Happy and You Know It,"Happy, Happy, Happy!",songs for kids,True,True,True,True,
CoComelon,Twinkle Twinkle Little Star,Nursery Rhymes by CoComelon,songs for kids,True,True,True,True,
The Kiboomers,The Itsy Bitsy Spider,Top 50 Nursery Rhymes Playlist,songs for kids,True,True,True,True,
Pinkfong,Baby Shark,Pinkfong Animal Songs,songs for kids,True,True,True,True,
CoComelon,Wheels on the Bus,Nursery Rhymes by CoComelon,songs for kids,True,True,True,True,
The Kiboomers,If You're Happy and You Know It,The Top 100 Toddler Songs,songs for kids,True,True,True,True,
Super Simple Songs,Twinkle Twinkle Little Star,Twinkle Twinkle Little Star & More Kids Songs,songs for kids,True,True,True,True,
Traditional,The ABC Song (Piano Version),The ABC Song,songs for kids,True,True,True,True,
Pinkfong,Baby Shark,Pinkfong Animal Songs,songs for kids,True,True,True,False,
CoComelon,Wheels on the Bus,Nursery Rhymes by CoComelon,songs for kids,True,True,True,False,
Super Simple Songs,Twinkle Twinkle Little Star,Twinkle Twinkle Little Star & More Kids Songs,songs for kids,True,True,True,False,
The Countdown Kids,Old MacDonald Had a Farm,30 Toddler Songs (for ages 2+),songs for kids,True,True,True,False,
The Kiboomers,If You're Happy and You Know It,The Top 100 Toddler Songs,songs for kids,True,True,True,False,
Pinkfong,Baby Shark,Pinkfong Animal Songs,songs for kids,True,True,True,False,
CoComelon,Wheels on the Bus,Nursery Rhymes by CoComelon,songs for kids,True,True,True,False,
The Kiboomers,Twinkle Twinkle Little Star,Kid Songs Collection,songs for kids,True,True,True,False,
Super Simple Songs,If You're Happy and You Know It,"Happy, Happy, Happy!",songs for kids,True,True,True,False,
Raffi,Down By The Bay,Singable Songs for the Very Young,songs for kids,True,True,True,False,
Pinkfong,Baby Shark,Pinkfong Animal Songs,songs for kids,True,True,False,True,
The Kiboomers,Twinkle Twinkle Little Star,Kid Songs Collection,songs for kids,True,True,False,True,
CoComelon,Wheels on the Bus,Nursery Rhymes by CoComelon,songs for kids,True,True,False,True,
The Countdown Kids,If You're Happy and You Know It,20 Best for Toddlers,songs for kids,True,True,False,True,
Nursery Rhymes Band,The Itsy Bitsy Spider,Nursery Rhymes Classics,songs for kids,True,True,False,True,
Pinkfong,Baby Shark,Pinkfong Animal Songs,songs for kids,True,True,False,True,
CoComelon,Wheels on the Bus,Nursery Rhymes by CoComelon,songs for kids,True,True,False,True,
The Wiggles,"Twinkle, Twinkle, Little Star",Pumpkin Face,songs for kids,True,True,False,True,
The Kiboomers,If You're Happy and You Know It,The Top 100 Toddler Songs,songs for kids,True,True,False,True,
Super Simple Songs,Old MacDonald Had a Farm,Old MacDonald Had a Farm & More Kids Songs,songs for kids,True,True,False,True,
Pinkfong,Baby Shark,Pinkfong Animal Songs,songs for kids,True,True,False,False,
The Kiboomers,The Wheels on the Bus,Kid Songs Collection,songs for kids,True,True,False,False,
Super Simple Songs,Twinkle Twinkle Little Star,Twinkle Twinkle Little Star & More Kids Songs,songs for kids,True,True,False,False,
The Learning Station,If You're Happy and You Know It,All-Time Childrens' Favorites,songs for kids,True,True,False,False,
Traditional,The Alphabet Song,"Classical Nursery Rhyme Time, Vol. 5",songs for kids,True,True,False,False,
Pinkfong,Baby Shark,Pinkfong Animal Songs,songs for kids,True,True,False,False,
CoComelon,Wheels on the Bus,Nursery Rhymes by CoComelon,songs for kids,True,True,False,False,
The Kiboomers,If You're Happy and You Know It,The Top 100 Toddler Songs,songs for kids,True,True,False,False,
Super Simple Songs,Twinkle Twinkle Little Star,Twinkle Twinkle Little Star & More Kids Songs,songs for kids,True,True,False,False,
Super Simple Songs,The Itsy Bitsy Spider,Do You Like Broccoli Ice Cream? & More Kids Songs,songs for kids,True,True,False,False,
Pinkfong,Baby Shark,Pinkfong Animal Songs,songs for kids,True,False,True,True,
CoComelon,Wheels on the Bus,Nursery Rhymes by CoComelon,songs for kids,True,False,True,True,
The Kiboomers,If You're Happy and You Know It,The Top 100 Toddler Songs,songs for kids,True,False,True,True,
Super Simple Songs,Twinkle Twinkle Little Star,Twinkle Twinkle Little Star & More Kids Songs,songs for kids,True,False,True,True,
Raffi,Baby Beluga,Baby Beluga,songs for kids,True,False,True,True,
Pinkfong,Baby Shark,Pinkfong Animal Songs,songs for kids,True,False,True,True,
CoComelon,Wheels on the Bus,Nursery Rhymes by CoComelon,songs for kids,True,False,True,True,
The Kiboomers,Twinkle Twinkle Little Star,Kid Songs Collection,songs for kids,True,False,True,True,
Super Simple Songs,If You're Happy and You Know It,"Happy, Happy, Happy!",songs for kids,True,False,True,True,
The Kiboomers,The Alphabet Song,Toddler Circle Time Songs,songs for kids,True,False,True,True,
Pinkfong,Baby Shark,Pinkfong Animal Songs,songs for kids,True,False,True,False,
CoComelon,Wheels on the Bus,Nursery Rhymes by CoComelon,songs for kids,True,False,True,False,
Little Baby Bum Nursery Rhyme Friends,Twinkle Twinkle Little Star,"Nursery Rhymes & Children's Songs, Vol. 10 (Sing & Learn with LittleBabyBum)",songs for kids,True,False,True,False,
The Kiboomers,If You're Happy and You Know It,The Top 100 Toddler Songs,songs for kids,True,False,True,False,
Bryant Oden,The Duck Song 4,The Duck Song 4,songs for kids,True,False,True,False,
Pinkfong,Baby Shark,Pinkfong Animal Songs,songs for kids,True,False,True,False,
CoComelon,Wheels on the Bus,Nursery Rhymes by CoComelon,songs for kids,True,False,True,False,
Super Simple Songs,Twinkle Twinkle Little Star,Twinkle Twinkle Little Star & More Kids Songs,songs for kids,True,False,True,False,
Nursery Rhymes 123,If You're Happy and You Know It,Top 50 Nursery Rhymes,songs for kids,True,False,True,False,
The Countdown Kids,Old MacDonald Had a Farm,30 Toddler Songs (for ages 2+),songs for kids,True,False,True,False,
Pinkfong,Baby Shark,Pinkfong Animal Songs,songs for kids,True,False,False,True,
CoComelon,Wheels on the Bus,Nursery Rhymes by CoComelon,songs for kids,True,False,False,True,
The Kiboomers,Twinkle Twinkle Little Star,Kid Songs Collection,songs for kids,True,False,False,True,
The Countdown Kids,Old MacDonald Had a Farm,30 Toddler Songs (for ages 2+),songs for kids,True,False,False,True,
Super Simple Songs,If You're Happy and You Know It,"Happy, Happy, Happy!",songs for kids,True,False,False,True,
Pinkfong,Baby Shark,Pinkfong Animal Songs,songs for kids,True,False,False,True,
The Kiboomers,Twinkle Twinkle Little Star,Kid Songs Collection,songs for kids,True,False,False,True,
CoComelon,Wheels on the Bus,Nursery Rhymes by CoComelon,songs for kids,True,False,False,True,
Super Simple Songs,Old MacDonald Had a Farm,Old MacDonald Had a Farm & More Kids Songs,songs for kids,True,False,False,True,
Raffi,Baby Beluga,Baby Beluga,songs for kids,True,False,False,True,
Pinkfong,Baby Shark,Pinkfong Animal Songs,songs for kids,True,False,False,False,
CoComelon,Wheels on the Bus,Nursery Rhymes by CoComelon,songs for kids,True,False,False,False,
Super Simple Songs,Twinkle Twinkle Little Star,Twinkle Twinkle Little Star & More Kids Songs,songs for kids,True,False,False,False,
The Countdown Kids,Old MacDonald Had a Farm,30 Toddler Songs (for ages 2+),songs for kids,True,False,False,False,
The Kiboomers,If You're Happy and You Know It,The Top 100 Toddler Songs,songs for kids,True,False,False,False,
Pinkfong,Baby Shark,Pinkfong Animal Songs,songs for kids,True,False,False,False,
CoComelon,Wheels on the Bus,Nursery Rhymes by CoComelon,songs for kids,True,False,False,False,
Idina Menzel,"Let It Go - From ""Frozen""/Soundtrack Version",Frozen (Original Motion Picture Soundtrack / Deluxe Edition),songs for kids,True,False,False,False,
Kidsongs,Old Macdonald Had a Farm,Kids Songs: The 100 Best by Kidsongs,songs for kids,True,False,False,False,
The Kiboomers,Twinkle Twinkle Little Star,Kid Songs Collection,songs for kids,True,False,False,False,
Pinkfong,Baby Shark,Pinkfong Animal Songs,songs for kids,False,True,True,True,
The Kiboomers,Twinkle Twinkle Little Star,Kid Songs Collection,songs for kids,False,True,True,True,
CoComelon,Wheels on the Bus,Nursery Rhymes by CoComelon,songs for kids,False,True,True,True,
The Kiboomers,The Itsy Bitsy Spider,Top 50 Nursery Rhymes Playlist,songs for kids,False,True,True,True,
Lea Salonga,A Whole New World,Aladdin Special Edition,songs for kids,False,True,True,True,
Pinkfong,Baby Shark,Pinkfong Animal Songs,songs for kids,False,True,True,True,
CoComelon,Wheels on the Bus,Nursery Rhymes by CoComelon,songs for kids,False,True,True,True,
Little Baby Bum Nursery Rhyme Friends,Twinkle Twinkle Little Star,"Nursery Rhymes & Children's Songs, Vol. 10 (Sing & Learn with LittleBabyBum)",songs for kids,False,True,True,True,
The Kiboomers,If You're Happy and You Know It,The Top 100 Toddler Songs,songs for kids,False,True,True,True,
Super Simple Songs,Old MacDonald Had a Farm,Old MacDonald Had a Farm & More Kids Songs,songs for kids,False,True,True,True,
Pinkfong,Baby Shark,Pinkfong Animal Songs,songs for kids,False,True,True,False,
CoComelon,Wheels on the Bus,Nursery Rhymes by CoComelon,songs for kids,False,True,True,False,
The Countdown Kids,Old MacDonald Had a Farm,30 Toddler Songs (for ages 2+),songs for kids,False,True,True,False,
Super Simple Songs,Twinkle Twinkle Little Star,Twinkle Twinkle Little Star & More Kids Songs,songs for kids,False,True,True,False,
The Kiboomers,If You're Happy and You Know It,The Top 100 Toddler Songs,songs for kids,False,True,True,False,
Pinkfong,Baby Shark,Pinkfong Animal Songs,songs for kids,False,True,True,False,
CoComelon,Wheels on the Bus,Nursery Rhymes by CoComelon,songs for kids,False,True,True,False,
Super Simple Songs,Twinkle Twinkle Little Star,Twinkle Twinkle Little Star & More Kids Songs,songs for kids,False,True,True,False,
The Kiboomers,If You're Happy and You Know It,The Top 100 Toddler Songs,songs for kids,False,True,True,False,
Super Simple Songs,The Ants Go Marching,Counting Songs for Kids,songs for kids,False,True,True,False,
Pinkfong,Baby Shark,Pinkfong Animal Songs,songs for kids,False,True,False,True,
The Kiboomers,The Wheels on the Bus,Kid Songs Collection,songs for kids,False,True,False,True,
Super Simple Songs,Twinkle Twinkle Little Star,Twinkle Twinkle Little Star & More Kids Songs,songs for kids,False,True,False,True,
The Tokens,The Lion Sleeps Tonight (Wimoweh),Wimoweh!!! - The Best Of The Tokens,songs for kids,False,True,False,True,
The Countdown Kids,If You're Happy and You Know It,20 Best for Toddlers,songs for kids,False,True,False,True,
Pinkfong,Baby Shark,Pinkfong Animal Songs,songs for kids,False,True,False,True,
CoComelon,Wheels on the Bus,Nursery Rhymes by CoComelon,songs for kids,False,True,False,True,
The Kiboomers,Twinkle Twinkle Little Star,Kid Songs Collection,songs for kids,False,True,False,True,
The Wiggles,If You're Happy and You Know It,The Wiggles Nursery Rhymes,songs for kids,False,True,False,True,
Super Simple Songs,Old MacDonald Had a Farm,Old MacDonald Had a Farm & More Kids Songs,songs for kids,False,True,False,True,
Pinkfong,Baby Shark,Pinkfong Animal Songs,songs for kids,False,True,False,False,
CoComelon,Wheels on the Bus,Nursery Rhymes by CoComelon,songs for kids,False,True,False,False,
The Kiboomers,If You're Happy and You Know It,The Top 100 Toddler Songs,songs for kids,False,True,False,False,
Super Simple Songs,Twinkle Twinkle Little Star,Twinkle Twinkle Little Star & More Kids Songs,songs for kids,False,True,False,False,
The Kiboomers,The Alphabet Song,Toddler Circle Time Songs,songs for kids,False,True,False,False,
Pinkfong,Baby Shark,Pinkfong Animal Songs,songs for kids,False,True,False,False,
CoComelon,Wheels on the Bus,Nursery Rhymes by CoComelon,songs for kids,False,True,False,False,
The Kiboomers,Twinkle Twinkle Little Star,Kid Songs Collection,songs for kids,False,True,False,False,
Super Simple Songs,If You're Happy and You Know It,"Happy, Happy, Happy!",songs for kids,False,True,False,False,
All Time Favorite Children's Songs,The Muffin Man,Children Fun Songs and Nursery Rhymes,songs for kids,False,True,False,False,
Pinkfong,Baby Shark,Pinkfong Animal Songs,songs for kids,False,False,True,True,
CoComelon,Wheels on the Bus,Nursery Rhymes by CoComelon,songs for kids,False,False,True,True,
The Kiboomers,If You're Happy and You Know It,The Top 100 Toddler Songs,songs for kids,False,False,True,True,
The Wiggles,"Twinkle, Twinkle, Little Star",Pumpkin Face,songs for kids,False,False,True,True,
ABCmouse,The Backwards Alphabet Song,The Classroom is the Place to Be,songs for kids,False,False,True,True,
Pinkfong,Baby Shark,Pinkfong Animal Songs,songs for kids,False,False,True,True,
CoComelon,Wheels on the Bus,Nursery Rhymes by CoComelon,songs for kids,False,False,True,True,
The Kiboomers,Twinkle Twinkle Little Star,Kid Songs Collection,songs for kids,False,False,True,True,
Super Simple Songs,If You're Happy and You Know It,"Happy, Happy, Happy!",songs for kids,False,False,True,True,
The Tokens,The Lion Sleeps Tonight (Wimoweh),Wimoweh!!! - The Best Of The Tokens,songs for kids,False,False,True,True,
Pinkfong,Baby Shark,Pinkfong Animal Songs,songs for kids,False,False,True,False,
Raffi,Wheels On The Bus,Rise and Shine,songs for kids,False,False,True,False,
The Kiboomers,Twinkle Twinkle Little Star,Kid Songs Collection,songs for kids,False,False,True,False,
The Countdown Kids,Old MacDonald Had a Farm,30 Toddler Songs (for ages 2+),songs for kids,False,False,True,False,
The Wiggles,If You're Happy and You Know It,The Wiggles Nursery Rhymes,songs for kids,False,False,True,False,
Pinkfong,Baby Shark,Pinkfong Animal Songs,songs for kids,False,False,True,False,
CoComelon,Wheels on the Bus,Nursery Rhymes by CoComelon,songs for kids,False,False,True,False,
The Kiboomers,If You're Happy and You Know It,The Top 100 Toddler Songs,songs for kids,False,False,True,False,
The Parris Mitchell Strings And Orchestra,"Do-Re-Mi (from ""The Sound Of Music"")",The Sound Of Music (Soundtrack),songs for kids,False,False,True,False,
The Wiggles,Five Little Ducks - The Wiggles Sound System Remix,The Wiggles Sound System: Rave of Innocence,songs for kids,False,False,True,False,
Pinkfong,Baby Shark,Pinkfong Animal Songs,songs for kids,False,False,False,True,
The Kiboomers,The Wheels on the Bus,Kid Songs Collection,songs for kids,False,False,False,True,
Super Simple Songs,Twinkle Twinkle Little Star,Twinkle Twinkle Little Star & More Kids Songs,songs for kids,False,False,False,True,
The Learning Station,If You're Happy and You Know It,All-Time Childrens' Favorites,songs for kids,False,False,False,True,
Gummibär,I Am Your Gummy Bear (The Gummy Bear Song),I Am Your Gummy Bear,songs for kids,False,False,False,True,
Pinkfong,Baby Shark,Pinkfong Animal Songs,songs for kids,False,False,False,True,
CoComelon,Wheels on the Bus,Nursery Rhymes by CoComelon,songs for kids,False,False,False,True,
The Countdown Kids,Old MacDonald Had a Farm,30 Toddler Songs (for ages 2+),songs for kids,False,False,False,True,
Super Simple Songs,Twinkle Twinkle Little Star,Twinkle Twinkle Little Star & More Kids Songs,songs for kids,False,False,False,True,
The Kiboomers,If You're Happy and You Know It,The Top 100 Toddler Songs,songs for kids,False,False,False,True,
Pinkfong,Baby Shark,Pinkfong Animal Songs,songs for kids,False,False,False,False,
The Kiboomers,The Wheels on the Bus,Kid Songs Collection,songs for kids,False,False,False,False,
The Kiboomers,Twinkle Twinkle Little Star,Kid Songs Collection,songs for kids,False,False,False,False,
Super Simple Songs,Twinkle Twinkle Little Star,Twinkle Twinkle Little Star & More Kids Songs,songs for kids,False,False,False,False,
The Learning Station,If You're Happy and You Know It,All-Time Childrens' Favorites,songs for kids,False,False,False,False,
Raffi,Wheels On The Bus,Rise and Shine,songs for kids,False,False,False,False,
Pinkfong,Baby Shark,Pinkfong Animal Songs,songs for kids,False,False,False,False,
Raffi,Down By The Bay,Singable Songs for the Very Young,songs for kids,False,False,False,False,
The Countdown Kids,Five Little Ducks,30 Kindergarten Classics,songs for kids,False,False,False,False,
The Kiboomers,If You're Happy and You Know It,The Top 100 Toddler Songs,songs for kids,False,False,False,False,
