artist,title,album,prompt,include_top_ten_tracks,include_top_ten_artists,include_saved_albums,include_saved_tracks,include_country
Travis Scott,SICKO MODE,ASTROWORLD,rap,True,True,True,True,
"Tyler, The Creator",EARFQUAKE,IGOR,rap,True,True,True,True,
Travis Scott,goosebumps,Birds In The Trap Sing McKnight,rap,True,True,True,True,
"Tyler, The Creator",See You Again (feat. Kali Uchis),Flower Boy,rap,True,True,True,True,
Travis Scott,90210 (feat. Kacy Hill),Rodeo,rap,True,True,True,True,
Travis Scott,SICKO MODE,ASTROWORLD,rap,True,True,True,True,
"Tyler, The Creator",EARFQUAKE,IGOR,rap,True,True,True,True,
Travis Scott,goosebumps,Birds In The Trap Sing McKnight,rap,True,True,True,True,
"Tyler, The Creator",See You Again (feat. Kali Uchis),Flower Boy,rap,True,True,True,True,
Travis Scott,90210 (feat. Kacy Hill),Rodeo,rap,True,True,True,True,
Travis Scott,MAFIA,ESCAPE PLAN / MAFIA,rap,True,True,True,False,
"Tyler, The Creator",HOT WIND BLOWS (feat. Lil Wayne),CALL ME IF YOU GET LOST,rap,True,True,True,False,
Don Toliver,Way Bigger,Life of a DON,rap,True,True,True,False,
"Tyler, The Creator",JUGGERNAUT (feat. Lil Uzi Vert & Pharrell Williams),CALL ME IF YOU GET LOST,rap,True,True,True,False,
Travis Scott,ESCAPE PLAN,ESCAPE PLAN / MAFIA,rap,True,True,True,False,
Travis Scott,SICKO MODE,ASTROWORLD,rap,True,True,True,False,
"Tyler, The Creator",EARFQUAKE,IGOR,rap,True,True,True,False,
Travis Scott,goosebumps,Birds In The Trap Sing McKnight,rap,True,True,True,False,
"Tyler, The Creator",Yonkers,Goblin,rap,True,True,True,False,
Travis Scott,90210 (feat. Kacy Hill),Rodeo,rap,True,True,True,False,
Travis Scott,SICKO MODE,ASTROWORLD,rap,True,True,False,True,
Travis Scott,goosebumps,Birds In The Trap Sing McKnight,rap,True,True,False,True,
"Tyler, The Creator",See You Again (feat. Kali Uchis),Flower Boy,rap,True,True,False,True,
"Tyler, The Creator",Yonkers,Goblin,rap,True,True,False,True,
JACKBOYS,GATTI,JACKBOYS,rap,True,True,False,True,
Travis Scott,SICKO MODE,ASTROWORLD,rap,True,True,False,True,
J. Cole,MIDDLE CHILD,MIDDLE CHILD,rap,True,True,False,True,
Lil Baby,Life Goes On,Harder Than Ever,rap,True,True,False,True,
Kendrick Lamar,DNA.,DAMN.,rap,True,True,False,True,
Drake,Wants and Needs (feat. Lil Baby),Scary Hours 2,rap,True,True,False,True,
Travis Scott,SICKO MODE,ASTROWORLD,rap,True,True,False,False,
"Tyler, The Creator",See You Again (feat. Kali Uchis),Flower Boy,rap,True,True,False,False,
JACKBOYS,GATTI,JACKBOYS,rap,True,True,False,False,
Travis Scott,goosebumps,Birds In The Trap Sing McKnight,rap,True,True,False,False,
"Tyler, The Creator",A BOY IS A GUN*,IGOR,rap,True,True,False,False,
Travis Scott,SICKO MODE,ASTROWORLD,rap,True,True,False,False,
Travis Scott,HIGHEST IN THE ROOM,HIGHEST IN THE ROOM,rap,True,True,False,False,
"Tyler, The Creator",See You Again (feat. Kali Uchis),Flower Boy,rap,True,True,False,False,
Frank Ocean,Nikes,Blonde,rap,True,True,False,False,
"Tyler, The Creator",Yonkers,Goblin,rap,True,True,False,False,
Travis Scott,SICKO MODE,ASTROWORLD,rap,True,False,True,True,
Kendrick Lamar,Money Trees,"good kid, m.A.A.d city",rap,True,False,True,True,
JAY-Z,The Story of O.J.,4:44,rap,True,False,True,True,
Kendrick Lamar,DNA.,DAMN.,rap,True,False,True,True,
Drake,Nonstop,Scorpion,rap,True,False,True,True,
Travis Scott,SICKO MODE,ASTROWORLD,rap,True,False,True,True,
Drake,God's Plan,Scorpion,rap,True,False,True,True,
Kendrick Lamar,Money Trees,"good kid, m.A.A.d city",rap,True,False,True,True,
J. Cole,MIDDLE CHILD,MIDDLE CHILD,rap,True,False,True,True,
Kendrick Lamar,HUMBLE.,DAMN.,rap,True,False,True,True,
DJ Khaled,"GOD DID (feat. Rick Ross, Lil Wayne, Jay-Z, John Legend & Fridayy)",GOD DID,rap,True,False,True,False,
Future,WAIT FOR U (feat. Drake & Tems),WAIT FOR U (feat. Drake & Tems),rap,True,False,True,False,
Kendrick Lamar,Silent Hill,Mr. Morale & The Big Steppers,rap,True,False,True,False,
Pusha T,Neck & Wrist (feat. JAY-Z & Pharrell Williams),It's Almost Dry,rap,True,False,True,False,
Gunna,pushin P (feat. Young Thug),DS4EVER,rap,True,False,True,False,
Travis Scott,SICKO MODE,ASTROWORLD,rap,True,False,True,False,
Kendrick Lamar,Money Trees,"good kid, m.A.A.d city",rap,True,False,True,False,
Lil Baby,Life Goes On,Harder Than Ever,rap,True,False,True,False,
Drake,Nonstop,Scorpion,rap,True,False,True,False,
Roddy Ricch,The Box,Please Excuse Me for Being Antisocial,rap,True,False,True,False,
Travis Scott,SICKO MODE,ASTROWORLD,rap,True,False,False,True,
Kendrick Lamar,Money Trees,"good kid, m.A.A.d city",rap,True,False,False,True,
Lil Baby,Life Goes On,Harder Than Ever,rap,True,False,False,True,
Kendrick Lamar,HUMBLE.,DAMN.,rap,True,False,False,True,
Roddy Ricch,The Box,Please Excuse Me for Being Antisocial,rap,True,False,False,True,
Travis Scott,SICKO MODE,ASTROWORLD,rap,True,False,False,True,
Kendrick Lamar,Money Trees,"good kid, m.A.A.d city",rap,True,False,False,True,
JAY-Z,The Story of O.J.,4:44,rap,True,False,False,True,
Drake,Laugh Now Cry Later (feat. Lil Durk),Laugh Now Cry Later (feat. Lil Durk),rap,True,False,False,True,
Kendrick Lamar,HUMBLE.,DAMN.,rap,True,False,False,True,
Travis Scott,SICKO MODE,ASTROWORLD,rap,True,False,False,False,
Kendrick Lamar,HUMBLE.,DAMN.,rap,True,False,False,False,
Drake,God's Plan,Scorpion,rap,True,False,False,False,
Kendrick Lamar,Alright,To Pimp A Butterfly,rap,True,False,False,False,
DaBaby,Suge,Baby On Baby,rap,True,False,False,False,
Travis Scott,SICKO MODE,ASTROWORLD,rap,True,False,False,False,
Kendrick Lamar,HUMBLE.,DAMN.,rap,True,False,False,False,
Drake,God's Plan,Scorpion,rap,True,False,False,False,
Drake,Nonstop,Scorpion,rap,True,False,False,False,
Kendrick Lamar,Money Trees,"good kid, m.A.A.d city",rap,True,False,False,False,
Travis Scott,SICKO MODE,ASTROWORLD,rap,False,True,True,True,
"Tyler, The Creator",EARFQUAKE,IGOR,rap,False,True,True,True,
"Tyler, The Creator",See You Again (feat. Kali Uchis),Flower Boy,rap,False,True,True,True,
Travis Scott,Antidote,Rodeo,rap,False,True,True,True,
The Weeknd,After Hours,After Hours,rap,False,True,True,True,
Travis Scott,90210 (feat. Kacy Hill),Rodeo,rap,False,True,True,True,
"Tyler, The Creator",See You Again (feat. Kali Uchis),Flower Boy,rap,False,True,True,True,
The Weeknd,After Hours,After Hours,rap,False,True,True,True,
Tomasz Wiracki,Out Of Time,A Movie Soundtrack,rap,False,True,True,True,
Don Toliver,Cinderella (feat. Toro y Moi),Love Sick,rap,False,True,True,True,
Travis Scott,SICKO MODE,ASTROWORLD,rap,False,True,True,False,
"Tyler, The Creator",See You Again (feat. Kali Uchis),Flower Boy,rap,False,True,True,False,
JACKBOYS,GATTI,JACKBOYS,rap,False,True,True,False,
"Tyler, The Creator",EARFQUAKE,IGOR,rap,False,True,True,False,
Travis Scott,90210 (feat. Kacy Hill),Rodeo,rap,False,True,True,False,
"Tyler, The Creator",EARFQUAKE,IGOR,rap,False,True,True,False,
Travis Scott,90210 (feat. Kacy Hill),Rodeo,rap,False,True,True,False,
"Tyler, The Creator",See You Again (feat. Kali Uchis),Flower Boy,rap,False,True,True,False,
Travis Scott,STARGAZING,ASTROWORLD,rap,False,True,True,False,
"Tyler, The Creator",WUSYANAME (feat. Youngboy Never Broke Again & Ty Dolla $ign),CALL ME IF YOU GET LOST,rap,False,True,True,False,
Travis Scott,90210 (feat. Kacy Hill),Rodeo,rap,False,True,False,True,
"Tyler, The Creator",EARFQUAKE,IGOR,rap,False,True,False,True,
Young Thug,pick up the phone,Birds In The Trap Sing McKnight,rap,False,True,False,True,
Don Toliver,Cinderella (feat. Toro y Moi),Love Sick,rap,False,True,False,True,
"Tyler, The Creator",See You Again (feat. Kali Uchis),Flower Boy,rap,False,True,False,True,
Travis Scott,SICKO MODE,ASTROWORLD,rap,False,True,False,True,
JACKBOYS,GATTI,JACKBOYS,rap,False,True,False,True,
"Tyler, The Creator",EARFQUAKE,IGOR,rap,False,True,False,True,
Young Thug,Hot (feat. Gunna),So Much Fun,rap,False,True,False,True,
Travis Scott,CAN'T SAY,ASTROWORLD,rap,False,True,False,True,
Travis Scott,SICKO MODE,ASTROWORLD,rap,False,True,False,False,
"Tyler, The Creator",EARFQUAKE,IGOR,rap,False,True,False,False,
Travis Scott,90210 (feat. Kacy Hill),Rodeo,rap,False,True,False,False,
"Tyler, The Creator",See You Again (feat. Kali Uchis),Flower Boy,rap,False,True,False,False,
Travis Scott,NO BYSTANDERS,ASTROWORLD,rap,False,True,False,False,
Travis Scott,CAN'T SAY,ASTROWORLD,rap,False,True,False,False,
"Tyler, The Creator",See You Again (feat. Kali Uchis),Flower Boy,rap,False,True,False,False,
Travis Scott,90210 (feat. Kacy Hill),Rodeo,rap,False,True,False,False,
"Tyler, The Creator",She,Goblin,rap,False,True,False,False,
Frank Ocean,Nights,Blonde,rap,False,True,False,False,
Travis Scott,SICKO MODE,ASTROWORLD,rap,False,False,True,True,
Kendrick Lamar,HUMBLE.,DAMN.,rap,False,False,True,True,
Kendrick Lamar,Money Trees,"good kid, m.A.A.d city",rap,False,False,True,True,
Lil Baby,Life Goes On,Harder Than Ever,rap,False,False,True,True,
Drake,Nonstop,Scorpion,rap,False,False,True,True,
Travis Scott,SICKO MODE,ASTROWORLD,rap,False,False,True,True,
Kendrick Lamar,Money Trees,"good kid, m.A.A.d city",rap,False,False,True,True,
Drake,God's Plan,Scorpion,rap,False,False,True,True,
Kendrick Lamar,HUMBLE.,DAMN.,rap,False,False,True,True,
Drake,Nonstop,Scorpion,rap,False,False,True,True,
Kendrick Lamar,Alright,To Pimp A Butterfly,rap,False,False,True,False,
Travis Scott,SICKO MODE,ASTROWORLD,rap,False,False,True,False,
Kendrick Lamar,HUMBLE.,DAMN.,rap,False,False,True,False,
Drake,God's Plan,Scorpion,rap,False,False,True,False,
Roddy Ricch,The Box,Please Excuse Me for Being Antisocial,rap,False,False,True,False,
Kendrick Lamar,Alright,To Pimp A Butterfly,rap,False,False,True,False,
Travis Scott,SICKO MODE,ASTROWORLD,rap,False,False,True,False,
Drake,God's Plan,Scorpion,rap,False,False,True,False,
Kendrick Lamar,HUMBLE.,DAMN.,rap,False,False,True,False,
Roddy Ricch,The Box,Please Excuse Me for Being Antisocial,rap,False,False,True,False,
Travis Scott,SICKO MODE,ASTROWORLD,rap,False,False,False,True,
Kendrick Lamar,Money Trees,"good kid, m.A.A.d city",rap,False,False,False,True,
Drake,God's Plan,Scorpion,rap,False,False,False,True,
Kendrick Lamar,HUMBLE.,DAMN.,rap,False,False,False,True,
Migos,Bad and Boujee (feat. Lil Uzi Vert),Culture,rap,False,False,False,True,
Travis Scott,SICKO MODE,ASTROWORLD,rap,False,False,False,True,
Kendrick Lamar,Money Trees,"good kid, m.A.A.d city",rap,False,False,False,True,
Lil Baby,Life Goes On,Harder Than Ever,rap,False,False,False,True,
Travis Scott,goosebumps,Birds In The Trap Sing McKnight,rap,False,False,False,True,
Drake,Toosie Slide,Toosie Slide,rap,False,False,False,True,
Travis Scott,SICKO MODE,ASTROWORLD,rap,False,False,False,False,
Kendrick Lamar,HUMBLE.,DAMN.,rap,False,False,False,False,
Drake,God's Plan,Scorpion,rap,False,False,False,False,
Roddy Ricch,The Box,Please Excuse Me for Being Antisocial,rap,False,False,False,False,
Kendrick Lamar,Money Trees,"good kid, m.A.A.d city",rap,False,False,False,False,
Kendrick Lamar,Alright,To Pimp A Butterfly,rap,False,False,False,False,
Travis Scott,SICKO MODE,ASTROWORLD,rap,False,False,False,False,
JAY-Z,The Story of O.J.,4:44,rap,False,False,False,False,
Kanye West,Black Skinhead,Yeezus,rap,False,False,False,False,
Kendrick Lamar,HUMBLE.,DAMN.,rap,False,False,False,False,
