artist,title,album,prompt,include_top_ten_tracks,include_top_ten_artists,include_saved_albums,include_saved_tracks,include_country
Led Zeppelin,Stairway to Heaven - Remaster,Led Zeppelin IV (Deluxe Edition),classic rock,True,True,True,True,
Eagles,Hotel California - 2013 Remaster,Hotel California (2013 Remaster),classic rock,True,True,True,True,
Queen,Bohemian Rhapsody,Stone Cold Classics,classic rock,True,True,True,True,
Guns N' Roses,Sweet Child O' Mine,Appetite For Destruction,classic rock,True,True,True,True,
Bon Jovi,Livin' On A Prayer,Slippery When Wet,classic rock,True,True,True,True,
Led Zeppelin,Stairway to Heaven - Remaster,Led Zeppelin IV (Deluxe Edition),classic rock,True,True,True,True,
Queen,Bohemian Rhapsody,Stone Cold Classics,classic rock,True,True,True,True,
Eagles,Hotel California - 2013 Remaster,Hotel California (2013 Remaster),classic rock,True,True,True,True,
Lynyrd Skynyrd,Free Bird,Pronounced' Leh-'Nerd 'Skin-'Nerd,classic rock,True,True,True,True,
Guns N' Roses,Sweet Child O' Mine,Appetite For Destruction,classic rock,True,True,True,True,
Led Zeppelin,Stairway to Heaven - Remaster,Led Zeppelin IV (Deluxe Edition),classic rock,True,True,True,False,
Eagles,Hotel California - 2013 Remaster,Hotel California (2013 Remaster),classic rock,True,True,True,False,
Queen,Bohemian Rhapsody,Stone Cold Classics,classic rock,True,True,True,False,
Guns N' Roses,Sweet Child O' Mine,Appetite For Destruction,classic rock,True,True,True,False,
Pink Floyd,Comfortably Numb,The Wall,classic rock,True,True,True,False,
Led Zeppelin,Stairway to Heaven - Remaster,Led Zeppelin IV (Deluxe Edition),classic rock,True,True,True,False,
Queen,Bohemian Rhapsody,Stone Cold Classics,classic rock,True,True,True,False,
Eagles,Hotel California - 2013 Remaster,Hotel California (2013 Remaster),classic rock,True,True,True,False,
Pink Floyd,Comfortably Numb,The Wall,classic rock,True,True,True,False,
Guns N' Roses,Sweet Child O' Mine,Appetite For Destruction,classic rock,True,True,True,False,
Led Zeppelin,Stairway to Heaven - Remaster,Led Zeppelin IV (Deluxe Edition),classic rock,True,True,False,True,
Eagles,Hotel California - 2013 Remaster,Hotel California (2013 Remaster),classic rock,True,True,False,True,
Queen,Bohemian Rhapsody,Stone Cold Classics,classic rock,True,True,False,True,
Guns N' Roses,Sweet Child O' Mine,Appetite For Destruction,classic rock,True,True,False,True,
Lynyrd Skynyrd,Free Bird,Pronounced' Leh-'Nerd 'Skin-'Nerd,classic rock,True,True,False,True,
Led Zeppelin,Stairway to Heaven - Remaster,Led Zeppelin IV (Deluxe Edition),classic rock,True,True,False,True,
Queen,Bohemian Rhapsody,Stone Cold Classics,classic rock,True,True,False,True,
Eagles,Hotel California - 2013 Remaster,Hotel California (2013 Remaster),classic rock,True,True,False,True,
Pink Floyd,Comfortably Numb,The Wall,classic rock,True,True,False,True,
Guns N' Roses,Sweet Child O' Mine,Appetite For Destruction,classic rock,True,True,False,True,
Led Zeppelin,Stairway to Heaven - Remaster,Led Zeppelin IV (Deluxe Edition),classic rock,True,True,False,False,
Queen,Bohemian Rhapsody,Stone Cold Classics,classic rock,True,True,False,False,
Eagles,Hotel California - 2013 Remaster,Hotel California (2013 Remaster),classic rock,True,True,False,False,
Guns N' Roses,Sweet Child O' Mine,Appetite For Destruction,classic rock,True,True,False,False,
Pink Floyd,Comfortably Numb,The Wall,classic rock,True,True,False,False,
Queen,Bohemian Rhapsody,Stone Cold Classics,classic rock,True,True,False,False,
Led Zeppelin,Stairway to Heaven - Remaster,Led Zeppelin IV (Deluxe Edition),classic rock,True,True,False,False,
Eagles,Hotel California - 2013 Remaster,Hotel California (2013 Remaster),classic rock,True,True,False,False,
Guns N' Roses,Sweet Child O' Mine,Appetite For Destruction,classic rock,True,True,False,False,
Lynyrd Skynyrd,Free Bird,Pronounced' Leh-'Nerd 'Skin-'Nerd,classic rock,True,True,False,False,
Led Zeppelin,Stairway to Heaven - Remaster,Led Zeppelin IV (Deluxe Edition),classic rock,True,False,True,True,
Queen,Bohemian Rhapsody,Stone Cold Classics,classic rock,True,False,True,True,
Eagles,Hotel California - 2013 Remaster,Hotel California (2013 Remaster),classic rock,True,False,True,True,
Guns N' Roses,Sweet Child O' Mine,Appetite For Destruction,classic rock,True,False,True,True,
Pink Floyd,Comfortably Numb,The Wall,classic rock,True,False,True,True,
Led Zeppelin,Stairway to Heaven - Remaster,Led Zeppelin IV (Deluxe Edition),classic rock,True,False,True,True,
Queen,Bohemian Rhapsody,Stone Cold Classics,classic rock,True,False,True,True,
Eagles,Hotel California - 2013 Remaster,Hotel California (2013 Remaster),classic rock,True,False,True,True,
Guns N' Roses,Sweet Child O' Mine,Appetite For Destruction,classic rock,True,False,True,True,
Pink Floyd,Comfortably Numb,The Wall,classic rock,True,False,True,True,
Led Zeppelin,Stairway to Heaven - Remaster,Led Zeppelin IV (Deluxe Edition),classic rock,True,False,True,False,
Queen,Bohemian Rhapsody,Stone Cold Classics,classic rock,True,False,True,False,
Eagles,Hotel California - 2013 Remaster,Hotel California (2013 Remaster),classic rock,True,False,True,False,
Guns N' Roses,Sweet Child O' Mine,Appetite For Destruction,classic rock,True,False,True,False,
Lynyrd Skynyrd,Free Bird,Pronounced' Leh-'Nerd 'Skin-'Nerd,classic rock,True,False,True,False,
Led Zeppelin,Stairway to Heaven - Remaster,Led Zeppelin IV (Deluxe Edition),classic rock,True,False,True,False,
Queen,Bohemian Rhapsody,Stone Cold Classics,classic rock,True,False,True,False,
Eagles,Hotel California - 2013 Remaster,Hotel California (2013 Remaster),classic rock,True,False,True,False,
Guns N' Roses,Sweet Child O' Mine,Appetite For Destruction,classic rock,True,False,True,False,
Deep Purple,Smoke on the Water,Machine Head,classic rock,True,False,True,False,
Led Zeppelin,Stairway to Heaven - Remaster,Led Zeppelin IV (Deluxe Edition),classic rock,True,False,False,True,
Queen,Bohemian Rhapsody,Stone Cold Classics,classic rock,True,False,False,True,
Eagles,Hotel California - 2013 Remaster,Hotel California (2013 Remaster),classic rock,True,False,False,True,
Pink Floyd,Comfortably Numb,The Wall,classic rock,True,False,False,True,
Bruce Springsteen,Born to Run,Born To Run,classic rock,True,False,False,True,
Led Zeppelin,Stairway to Heaven - Remaster,Led Zeppelin IV (Deluxe Edition),classic rock,True,False,False,True,
Queen,Bohemian Rhapsody,Stone Cold Classics,classic rock,True,False,False,True,
Eagles,Hotel California - 2013 Remaster,Hotel California (2013 Remaster),classic rock,True,False,False,True,
Pink Floyd,Comfortably Numb,The Wall,classic rock,True,False,False,True,
Lynyrd Skynyrd,Free Bird,Pronounced' Leh-'Nerd 'Skin-'Nerd,classic rock,True,False,False,True,
Led Zeppelin,Stairway to Heaven - Remaster,Led Zeppelin IV (Deluxe Edition),classic rock,True,False,False,False,
Queen,Bohemian Rhapsody,Stone Cold Classics,classic rock,True,False,False,False,
Eagles,Hotel California - 2013 Remaster,Hotel California (2013 Remaster),classic rock,True,False,False,False,
Guns N' Roses,Sweet Child O' Mine,Appetite For Destruction,classic rock,True,False,False,False,
Pink Floyd,Comfortably Numb,The Wall,classic rock,True,False,False,False,
Led Zeppelin,Stairway to Heaven - Remaster,Led Zeppelin IV (Deluxe Edition),classic rock,True,False,False,False,
Queen,Bohemian Rhapsody,Stone Cold Classics,classic rock,True,False,False,False,
Eagles,Hotel California - 2013 Remaster,Hotel California (2013 Remaster),classic rock,True,False,False,False,
Guns N' Roses,Sweet Child O' Mine,Appetite For Destruction,classic rock,True,False,False,False,
Pink Floyd,Comfortably Numb,The Wall,classic rock,True,False,False,False,
Led Zeppelin,Stairway to Heaven - Remaster,Led Zeppelin IV (Deluxe Edition),classic rock,False,True,True,True,
Queen,Bohemian Rhapsody,Stone Cold Classics,classic rock,False,True,True,True,
Eagles,Hotel California - 2013 Remaster,Hotel California (2013 Remaster),classic rock,False,True,True,True,
Guns N' Roses,Sweet Child O' Mine,Appetite For Destruction,classic rock,False,True,True,True,
Aerosmith,Dream On,Aerosmith,classic rock,False,True,True,True,
Led Zeppelin,Stairway to Heaven - Remaster,Led Zeppelin IV (Deluxe Edition),classic rock,False,True,True,True,
Eagles,Hotel California - 2013 Remaster,Hotel California (2013 Remaster),classic rock,False,True,True,True,
Queen,Bohemian Rhapsody,Stone Cold Classics,classic rock,False,True,True,True,
Guns N' Roses,Sweet Child O' Mine,Appetite For Destruction,classic rock,False,True,True,True,
Pink Floyd,Comfortably Numb,The Wall,classic rock,False,True,True,True,
Led Zeppelin,Stairway to Heaven - Remaster,Led Zeppelin IV (Deluxe Edition),classic rock,False,True,True,False,
Queen,Bohemian Rhapsody,Stone Cold Classics,classic rock,False,True,True,False,
Eagles,Hotel California - 2013 Remaster,Hotel California (2013 Remaster),classic rock,False,True,True,False,
Deep Purple,Smoke on the Water,Machine Head,classic rock,False,True,True,False,
Lynyrd Skynyrd,Free Bird,Pronounced' Leh-'Nerd 'Skin-'Nerd,classic rock,False,True,True,False,
Led Zeppelin,Stairway to Heaven - Remaster,Led Zeppelin IV (Deluxe Edition),classic rock,False,True,True,False,
Queen,Bohemian Rhapsody,Stone Cold Classics,classic rock,False,True,True,False,
Eagles,Hotel California - 2013 Remaster,Hotel California (2013 Remaster),classic rock,False,True,True,False,
Guns N' Roses,Sweet Child O' Mine,Appetite For Destruction,classic rock,False,True,True,False,
Aerosmith,Dream On,Aerosmith,classic rock,False,True,True,False,
Led Zeppelin,Stairway to Heaven - Remaster,Led Zeppelin IV (Deluxe Edition),classic rock,False,True,False,True,
Queen,Bohemian Rhapsody,Stone Cold Classics,classic rock,False,True,False,True,
Eagles,Hotel California - 2013 Remaster,Hotel California (2013 Remaster),classic rock,False,True,False,True,
Guns N' Roses,Sweet Child O' Mine,Appetite For Destruction,classic rock,False,True,False,True,
Pink Floyd,Comfortably Numb,The Wall,classic rock,False,True,False,True,
Led Zeppelin,Stairway to Heaven - Remaster,Led Zeppelin IV (Deluxe Edition),classic rock,False,True,False,True,
Queen,Bohemian Rhapsody,Stone Cold Classics,classic rock,False,True,False,True,
Eagles,Hotel California - 2013 Remaster,Hotel California (2013 Remaster),classic rock,False,True,False,True,
Guns N' Roses,Sweet Child O' Mine,Appetite For Destruction,classic rock,False,True,False,True,
Pink Floyd,Comfortably Numb,The Wall,classic rock,False,True,False,True,
Led Zeppelin,Stairway to Heaven - Remaster,Led Zeppelin IV (Deluxe Edition),classic rock,False,True,False,False,
Queen,Bohemian Rhapsody,Stone Cold Classics,classic rock,False,True,False,False,
Eagles,Hotel California - 2013 Remaster,Hotel California (2013 Remaster),classic rock,False,True,False,False,
Guns N' Roses,Sweet Child O' Mine,Appetite For Destruction,classic rock,False,True,False,False,
Bruce Springsteen,Born to Run,Born To Run,classic rock,False,True,False,False,
Led Zeppelin,Stairway to Heaven - Remaster,Led Zeppelin IV (Deluxe Edition),classic rock,False,True,False,False,
Queen,Bohemian Rhapsody,Stone Cold Classics,classic rock,False,True,False,False,
Eagles,Hotel California - 2013 Remaster,Hotel California (2013 Remaster),classic rock,False,True,False,False,
Guns N' Roses,Sweet Child O' Mine,Appetite For Destruction,classic rock,False,True,False,False,
Aerosmith,Dream On,Aerosmith,classic rock,False,True,False,False,
Led Zeppelin,Stairway to Heaven - Remaster,Led Zeppelin IV (Deluxe Edition),classic rock,False,False,True,True,
Queen,Bohemian Rhapsody,Stone Cold Classics,classic rock,False,False,True,True,
Eagles,Hotel California - 2013 Remaster,Hotel California (2013 Remaster),classic rock,False,False,True,True,
Guns N' Roses,Sweet Child O' Mine,Appetite For Destruction,classic rock,False,False,True,True,
Bruce Springsteen,Born to Run,Born To Run,classic rock,False,False,True,True,
Led Zeppelin,Stairway to Heaven - Remaster,Led Zeppelin IV (Deluxe Edition),classic rock,False,False,True,True,
Queen,Bohemian Rhapsody,Stone Cold Classics,classic rock,False,False,True,True,
Eagles,Hotel California - 2013 Remaster,Hotel California (2013 Remaster),classic rock,False,False,True,True,
Guns N' Roses,Sweet Child O' Mine,Appetite For Destruction,classic rock,False,False,True,True,
Lynyrd Skynyrd,Free Bird,Pronounced' Leh-'Nerd 'Skin-'Nerd,classic rock,False,False,True,True,
Led Zeppelin,Stairway to Heaven - Remaster,Led Zeppelin IV (Deluxe Edition),classic rock,False,False,True,False,
Queen,Bohemian Rhapsody,Stone Cold Classics,classic rock,False,False,True,False,
Eagles,Hotel California - 2013 Remaster,Hotel California (2013 Remaster),classic rock,False,False,True,False,
Guns N' Roses,Sweet Child O' Mine,Appetite For Destruction,classic rock,False,False,True,False,
Lynyrd Skynyrd,Free Bird,Pronounced' Leh-'Nerd 'Skin-'Nerd,classic rock,False,False,True,False,
The Who,Baba O'Riley,Who's Next (Deluxe Edition),classic rock,False,False,True,False,
Eagles,Hotel California - 2013 Remaster,Hotel California (2013 Remaster),classic rock,False,False,True,False,
Aerosmith,Sweet Emotion,Toys In The Attic,classic rock,False,False,True,False,
Boston,More Than a Feeling,Boston,classic rock,False,False,True,False,
Deep Purple,Smoke on the Water,Machine Head,classic rock,False,False,True,False,
Queen,Bohemian Rhapsody,Stone Cold Classics,classic rock,False,False,False,True,
Led Zeppelin,Stairway to Heaven - Remaster,Led Zeppelin IV (Deluxe Edition),classic rock,False,False,False,True,
Eagles,Hotel California - 2013 Remaster,Hotel California (2013 Remaster),classic rock,False,False,False,True,
Guns N' Roses,Sweet Child O' Mine,Appetite For Destruction,classic rock,False,False,False,True,
Pink Floyd,Comfortably Numb,The Wall,classic rock,False,False,False,True,
Led Zeppelin,Stairway to Heaven - Remaster,Led Zeppelin IV (Deluxe Edition),classic rock,False,False,False,True,
Queen,Bohemian Rhapsody,Stone Cold Classics,classic rock,False,False,False,True,
Eagles,Hotel California - 2013 Remaster,Hotel California (2013 Remaster),classic rock,False,False,False,True,
Guns N' Roses,Sweet Child O' Mine,Appetite For Destruction,classic rock,False,False,False,True,
Pink Floyd,Comfortably Numb,The Wall,classic rock,False,False,False,True,
Eagles,Hotel California - 2013 Remaster,Hotel California (2013 Remaster),classic rock,False,False,False,False,
Queen,Bohemian Rhapsody,Stone Cold Classics,classic rock,False,False,False,False,
Guns N' Roses,Sweet Child O' Mine,Appetite For Destruction,classic rock,False,False,False,False,
Led Zeppelin,Stairway to Heaven - Remaster,Led Zeppelin IV (Deluxe Edition),classic rock,False,False,False,False,
Bruce Springsteen,Born to Run,Born To Run,classic rock,False,False,False,False,
Led Zeppelin,Stairway to Heaven - Remaster,Led Zeppelin IV (Deluxe Edition),classic rock,False,False,False,False,
Queen,Bohemian Rhapsody,Stone Cold Classics,classic rock,False,False,False,False,
Eagles,Hotel California - 2013 Remaster,Hotel California (2013 Remaster),classic rock,False,False,False,False,
Deep Purple,Smoke on the Water,Machine Head,classic rock,False,False,False,False,
Lynyrd Skynyrd,Free Bird,Pronounced' Leh-'Nerd 'Skin-'Nerd,classic rock,False,False,False,False,
