artist,title,album,prompt,include_top_ten_tracks,include_top_ten_artists,include_saved_albums,include_saved_tracks,include_country
Foo Fighters,Everlong,The Colour And The Shape,rock music,True,True,True,True,
Guns N' Roses,Sweet Child O' Mine,Appetite For Destruction,rock music,True,True,True,True,
AC/DC,Back In Black,Back In Black,rock music,True,True,True,True,
Nirvana,Smells Like Teen Spirit,Nevermind (Remastered),rock music,True,True,True,True,
Eagles,Hotel California - 2013 Remaster,Hotel California (2013 Remaster),rock music,True,True,True,True,
Guns N' Roses,Sweet Child O' Mine,Appetite For Destruction,rock music,True,True,True,True,
Eagles,Hotel California - 2013 Remaster,Hotel California (2013 Remaster),rock music,True,True,True,True,
AC/DC,Back In Black,Back In Black,rock music,True,True,True,True,
Nirvana,Smells Like Teen Spirit,Nevermind (Remastered),rock music,True,True,True,True,
Queen,Bohemian Rhapsody,Stone Cold Classics,rock music,True,True,True,True,
AC/DC,Back In Black,Back In Black,rock music,True,True,True,False,
Nirvana,Smells Like Teen Spirit,Nevermind (Remastered),rock music,True,True,True,False,
Eagles,Hotel California - 2013 Remaster,Hotel California (2013 Remaster),rock music,True,True,True,False,
Queen,Bohemian Rhapsody,Stone Cold Classics,rock music,True,True,True,False,
Guns N' Roses,Sweet Child O' Mine,Appetite For Destruction,rock music,True,True,True,False,
Foo Fighters,Everlong,The Colour And The Shape,rock music,True,True,True,False,
Radiohead,Paranoid Android,OK Computer,rock music,True,True,True,False,
Guns N' Roses,Sweet Child O' Mine,Appetite For Destruction,rock music,True,True,True,False,
AC/DC,Back In Black,Back In Black,rock music,True,True,True,False,
Nirvana,Smells Like Teen Spirit,Nevermind (Remastered),rock music,True,True,True,False,
Foo Fighters,Everlong,The Colour And The Shape,rock music,True,True,False,True,
Guns N' Roses,Sweet Child O' Mine,Appetite For Destruction,rock music,True,True,False,True,
Black Sabbath,Paranoid,The Ultimate Collection,rock music,True,True,False,True,
Red Hot Chili Peppers,Under the Bridge,Blood Sugar Sex Magik (Deluxe Edition),rock music,True,True,False,True,
Nirvana,Smells Like Teen Spirit,Nevermind (Remastered),rock music,True,True,False,True,
Foo Fighters,Everlong,The Colour And The Shape,rock music,True,True,False,True,
Red Hot Chili Peppers,Under the Bridge,Blood Sugar Sex Magik (Deluxe Edition),rock music,True,True,False,True,
Black Sabbath,Paranoid,The Ultimate Collection,rock music,True,True,False,True,
Guns N' Roses,Sweet Child O' Mine,Appetite For Destruction,rock music,True,True,False,True,
Nirvana,Smells Like Teen Spirit,Nevermind (Remastered),rock music,True,True,False,True,
Foo Fighters,Everlong,The Colour And The Shape,rock music,True,True,False,False,
Eagles,Hotel California - 2013 Remaster,Hotel California (2013 Remaster),rock music,True,True,False,False,
Black Sabbath,Paranoid,The Ultimate Collection,rock music,True,True,False,False,
AC/DC,Back In Black,Back In Black,rock music,True,True,False,False,
Guns N' Roses,Sweet Child O' Mine,Appetite For Destruction,rock music,True,True,False,False,
Black Sabbath,Paranoid,The Ultimate Collection,rock music,True,True,False,False,
Led Zeppelin,Whole Lotta Love - Remaster,Mothership (Remastered),rock music,True,True,False,False,
Guns N' Roses,Sweet Child O' Mine,Appetite For Destruction,rock music,True,True,False,False,
Queen,Bohemian Rhapsody,Stone Cold Classics,rock music,True,True,False,False,
Pearl Jam,Alive,Ten,rock music,True,True,False,False,
Queen,Bohemian Rhapsody,Stone Cold Classics,rock music,True,False,True,True,
Led Zeppelin,Stairway to Heaven - Remaster,Led Zeppelin IV (Deluxe Edition),rock music,True,False,True,True,
Eagles,Hotel California - 2013 Remaster,Hotel California (2013 Remaster),rock music,True,False,True,True,
Guns N' Roses,Sweet Child O' Mine,Appetite For Destruction,rock music,True,False,True,True,
AC/DC,Back In Black,Back In Black,rock music,True,False,True,True,
Nirvana,Smells Like Teen Spirit,Nevermind (Remastered),rock music,True,False,True,True,
Queen,Bohemian Rhapsody,Stone Cold Classics,rock music,True,False,True,True,
Eagles,Hotel California - 2013 Remaster,Hotel California (2013 Remaster),rock music,True,False,True,True,
Guns N' Roses,Sweet Child O' Mine,Appetite For Destruction,rock music,True,False,True,True,
The Rolling Stones,"Paint It, Black",Aftermath,rock music,True,False,True,True,
Foo Fighters,Everlong,The Colour And The Shape,rock music,True,False,True,False,
Soundgarden,Black Hole Sun,Superunknown (Deluxe Edition),rock music,True,False,True,False,
Radiohead,Paranoid Android,OK Computer,rock music,True,False,True,False,
Guns N' Roses,Sweet Child O' Mine,Appetite For Destruction,rock music,True,False,True,False,
Nirvana,Smells Like Teen Spirit,Nevermind (Remastered),rock music,True,False,True,False,
Led Zeppelin,Black Dog - Remaster,Mothership (Remastered),rock music,True,False,True,False,
Black Sabbath,Paranoid,The Ultimate Collection,rock music,True,False,True,False,
AC/DC,Back In Black,Back In Black,rock music,True,False,True,False,
Guns N' Roses,Sweet Child O' Mine,Appetite For Destruction,rock music,True,False,True,False,
Nirvana,Smells Like Teen Spirit,Nevermind (Remastered),rock music,True,False,True,False,
Led Zeppelin,Stairway to Heaven - Remaster,Led Zeppelin IV (Deluxe Edition),rock music,True,False,False,True,
AC/DC,Back In Black,Back In Black,rock music,True,False,False,True,
Queen,Bohemian Rhapsody,Stone Cold Classics,rock music,True,False,False,True,
Eagles,Hotel California - 2013 Remaster,Hotel California (2013 Remaster),rock music,True,False,False,True,
Guns N' Roses,Sweet Child O' Mine,Appetite For Destruction,rock music,True,False,False,True,
Foo Fighters,Everlong,The Colour And The Shape,rock music,True,False,False,True,
Soundgarden,Black Hole Sun,Superunknown (Deluxe Edition),rock music,True,False,False,True,
Black Sabbath,Paranoid,The Ultimate Collection,rock music,True,False,False,True,
Guns N' Roses,Sweet Child O' Mine,Appetite For Destruction,rock music,True,False,False,True,
Red Hot Chili Peppers,Under the Bridge,Blood Sugar Sex Magik (Deluxe Edition),rock music,True,False,False,True,
Led Zeppelin,Black Dog - Remaster,Mothership (Remastered),rock music,True,False,False,False,
AC/DC,Back In Black,Back In Black,rock music,True,False,False,False,
Nirvana,Smells Like Teen Spirit,Nevermind (Remastered),rock music,True,False,False,False,
Queen,Bohemian Rhapsody,Stone Cold Classics,rock music,True,False,False,False,
Eagles,Hotel California - 2013 Remaster,Hotel California (2013 Remaster),rock music,True,False,False,False,
AC/DC,Back In Black,Back In Black,rock music,True,False,False,False,
Nirvana,Smells Like Teen Spirit,Nevermind (Remastered),rock music,True,False,False,False,
Guns N' Roses,Sweet Child O' Mine,Appetite For Destruction,rock music,True,False,False,False,
Eagles,Hotel California - 2013 Remaster,Hotel California (2013 Remaster),rock music,True,False,False,False,
Led Zeppelin,Stairway to Heaven - Remaster,Led Zeppelin IV (Deluxe Edition),rock music,True,False,False,False,
Eagles,Hotel California - 2013 Remaster,Hotel California (2013 Remaster),rock music,False,True,True,True,
Led Zeppelin,Stairway to Heaven - Remaster,Led Zeppelin IV (Deluxe Edition),rock music,False,True,True,True,
Queen,Bohemian Rhapsody,Stone Cold Classics,rock music,False,True,True,True,
Guns N' Roses,Sweet Child O' Mine,Appetite For Destruction,rock music,False,True,True,True,
AC/DC,Back In Black,Back In Black,rock music,False,True,True,True,
Queen,Bohemian Rhapsody,Stone Cold Classics,rock music,False,True,True,True,
Led Zeppelin,Stairway to Heaven - Remaster,Led Zeppelin IV (Deluxe Edition),rock music,False,True,True,True,
AC/DC,Back In Black,Back In Black,rock music,False,True,True,True,
Eagles,Hotel California - 2013 Remaster,Hotel California (2013 Remaster),rock music,False,True,True,True,
Guns N' Roses,Sweet Child O' Mine,Appetite For Destruction,rock music,False,True,True,True,
Foo Fighters,Everlong,The Colour And The Shape,rock music,False,True,True,False,
The White Stripes,Seven Nation Army,Elephant,rock music,False,True,True,False,
Red Hot Chili Peppers,Under the Bridge,Blood Sugar Sex Magik (Deluxe Edition),rock music,False,True,True,False,
Nirvana,Smells Like Teen Spirit,Nevermind (Remastered),rock music,False,True,True,False,
Guns N' Roses,Sweet Child O' Mine,Appetite For Destruction,rock music,False,True,True,False,
AC/DC,Back In Black,Back In Black,rock music,False,True,True,False,
Nirvana,Smells Like Teen Spirit,Nevermind (Remastered),rock music,False,True,True,False,
Led Zeppelin,Stairway to Heaven - Remaster,Led Zeppelin IV (Deluxe Edition),rock music,False,True,True,False,
Queen,Bohemian Rhapsody,Stone Cold Classics,rock music,False,True,True,False,
Eagles,Hotel California - 2013 Remaster,Hotel California (2013 Remaster),rock music,False,True,True,False,
Guns N' Roses,Sweet Child O' Mine,Appetite For Destruction,rock music,False,True,False,True,
Red Hot Chili Peppers,Under the Bridge,Blood Sugar Sex Magik (Deluxe Edition),rock music,False,True,False,True,
AC/DC,Back In Black,Back In Black,rock music,False,True,False,True,
Nirvana,Smells Like Teen Spirit,Nevermind (Remastered),rock music,False,True,False,True,
Eagles,Hotel California - 2013 Remaster,Hotel California (2013 Remaster),rock music,False,True,False,True,
Foo Fighters,Everlong,The Colour And The Shape,rock music,False,True,False,True,
Red Hot Chili Peppers,Under the Bridge,Blood Sugar Sex Magik (Deluxe Edition),rock music,False,True,False,True,
Nirvana,Smells Like Teen Spirit,Nevermind (Remastered),rock music,False,True,False,True,
The White Stripes,Seven Nation Army,Elephant,rock music,False,True,False,True,
Guns N' Roses,Sweet Child O' Mine,Appetite For Destruction,rock music,False,True,False,True,
Foo Fighters,Everlong,The Colour And The Shape,rock music,False,True,False,False,
The White Stripes,Seven Nation Army,Elephant,rock music,False,True,False,False,
Nirvana,Lithium,Nevermind (Remastered),rock music,False,True,False,False,
Guns N' Roses,Sweet Child O' Mine,Appetite For Destruction,rock music,False,True,False,False,
AC/DC,Back In Black,Back In Black,rock music,False,True,False,False,
Soundgarden,Black Hole Sun,Superunknown (Deluxe Edition),rock music,False,True,False,False,
Nirvana,Smells Like Teen Spirit,Nevermind (Remastered),rock music,False,True,False,False,
Black Sabbath,Paranoid,The Ultimate Collection,rock music,False,True,False,False,
Guns N' Roses,Sweet Child O' Mine,Appetite For Destruction,rock music,False,True,False,False,
Eagles,Hotel California - 2013 Remaster,Hotel California (2013 Remaster),rock music,False,True,False,False,
Led Zeppelin,Black Dog - Remaster,Mothership (Remastered),rock music,False,False,True,True,
Black Sabbath,Paranoid,The Ultimate Collection,rock music,False,False,True,True,
AC/DC,Back In Black,Back In Black,rock music,False,False,True,True,
Guns N' Roses,Sweet Child O' Mine,Appetite For Destruction,rock music,False,False,True,True,
Nirvana,Smells Like Teen Spirit,Nevermind (Remastered),rock music,False,False,True,True,
AC/DC,Back In Black,Back In Black,rock music,False,False,True,True,
Nirvana,Smells Like Teen Spirit,Nevermind (Remastered),rock music,False,False,True,True,
Eagles,Hotel California - 2013 Remaster,Hotel California (2013 Remaster),rock music,False,False,True,True,
Led Zeppelin,Stairway to Heaven - Remaster,Led Zeppelin IV (Deluxe Edition),rock music,False,False,True,True,
Guns N' Roses,Sweet Child O' Mine,Appetite For Destruction,rock music,False,False,True,True,
Foo Fighters,Everlong,The Colour And The Shape,rock music,False,False,True,False,
Guns N' Roses,Sweet Child O' Mine,Appetite For Destruction,rock music,False,False,True,False,
Soundgarden,Black Hole Sun,Superunknown (Deluxe Edition),rock music,False,False,True,False,
Red Hot Chili Peppers,Under the Bridge,Blood Sugar Sex Magik (Deluxe Edition),rock music,False,False,True,False,
Pearl Jam,Alive,Ten,rock music,False,False,True,False,
Led Zeppelin,Black Dog - Remaster,Mothership (Remastered),rock music,False,False,True,False,
Black Sabbath,Paranoid,The Ultimate Collection,rock music,False,False,True,False,
Guns N' Roses,Sweet Child O' Mine,Appetite For Destruction,rock music,False,False,True,False,
AC/DC,Back In Black,Back In Black,rock music,False,False,True,False,
Nirvana,Smells Like Teen Spirit,Nevermind (Remastered),rock music,False,False,True,False,
Soundgarden,Black Hole Sun,Superunknown (Deluxe Edition),rock music,False,False,False,True,
Guns N' Roses,Sweet Child O' Mine,Appetite For Destruction,rock music,False,False,False,True,
Nirvana,Smells Like Teen Spirit,Nevermind (Remastered),rock music,False,False,False,True,
Black Sabbath,Paranoid,The Ultimate Collection,rock music,False,False,False,True,
Eagles,Hotel California - 2013 Remaster,Hotel California (2013 Remaster),rock music,False,False,False,True,
Foo Fighters,Everlong,The Colour And The Shape,rock music,False,False,False,True,
Soundgarden,Black Hole Sun,Superunknown (Deluxe Edition),rock music,False,False,False,True,
Black Sabbath,Paranoid,The Ultimate Collection,rock music,False,False,False,True,
Guns N' Roses,Sweet Child O' Mine,Appetite For Destruction,rock music,False,False,False,True,
Red Hot Chili Peppers,Under the Bridge,Blood Sugar Sex Magik (Deluxe Edition),rock music,False,False,False,True,
Foo Fighters,Everlong,The Colour And The Shape,rock music,False,False,False,False,
Guns N' Roses,Sweet Child O' Mine,Appetite For Destruction,rock music,False,False,False,False,
Soundgarden,Black Hole Sun,Superunknown (Deluxe Edition),rock music,False,False,False,False,
Eagles,Hotel California - 2013 Remaster,Hotel California (2013 Remaster),rock music,False,False,False,False,
Black Sabbath,Paranoid,The Ultimate Collection,rock music,False,False,False,False,
Foo Fighters,Everlong,The Colour And The Shape,rock music,False,False,False,False,
Soundgarden,Black Hole Sun,Superunknown (Deluxe Edition),rock music,False,False,False,False,
Guns N' Roses,Sweet Child O' Mine,Appetite For Destruction,rock music,False,False,False,False,
Black Sabbath,Paranoid,The Ultimate Collection,rock music,False,False,False,False,
Red Hot Chili Peppers,Under the Bridge,Blood Sugar Sex Magik (Deluxe Edition),rock music,False,False,False,False,
